"date","promo_A_Bunjang_Handling_Event","promo_B_Bunjang_Handling_Event","promo_C_DK_Birthday_Event_23","promo_D_Inclusion_Only_Service_Event","promo_E_DK_Black_Friday_2023","promo_F_DK_Christmas_Event_2023","promo_G_Handling_Fee_Promotion","promo_H_Point_Blossoms","promo_I_EMS_&_EMS_Premium_5%_Discount_Event","promo_J_Discount_of_5%_of_an_Order","promo_K_Free_Photo_Service","promo_L_UPS_80%_Distcount","promo_M_EMS_&_EMS_Premium_5%_Discount_Event","promo_N_5%_Discount_on_Bunjang_Products","promo_O_Black_Friday_Promotion","promo_P_New_Year_New_Customer","promo_Q_DK_Store_FREE_Handling_Fee_+_5%_OFF_on_Bunjang_Items!","promo_R_DKxDKshop_Free_Domestic_Shipping_in_Korea","promo_S_FREE_Handling_Fee_($1)","promo_T_10%_Off_International_Shipping","promo_U_EMS_&_EMS_Premium_5%_Discount_Event","promo_V_FREE_Handling_Fee_($5)","google_session_count","meta_session_count","tiktok_session_count","x_session_count","google_ads_spent","meta_ads_spent","tiktok_ads_spent","x_ads_spent","transaction_count","new_signups_count"
2023-01-01,0,0,0,0,0,0,0,0,0,0,0,0,0,0,0,0,0,0,0,0,0,0,224,0,0,0,61670.0,0.0,0.0,0.0,37,73
2023-01-02,0,0,0,0,0,0,0,0,0,0,0,0,0,0,0,0,0,0,0,0,0,0,335,0,0,0,82790.0,0.0,0.0,0.0,182,91
2023-01-03,0,0,0,0,0,0,0,0,0,0,0,0,0,0,0,0,0,0,0,0,0,0,308,0,0,0,77067.0,0.0,0.0,0.0,194,93
2023-01-04,0,0,0,0,0,0,0,0,0,0,0,0,0,0,0,0,0,0,0,0,0,0,342,0,0,0,71942.0,0.0,0.0,0.0,215,72
2023-01-05,0,0,0,0,0,0,0,0,0,0,0,0,0,0,0,0,0,0,0,0,0,0,425,0,0,0,87747.0,0.0,0.0,0.0,204,89
2023-01-06,0,0,0,0,0,0,0,0,0,0,0,0,0,0,0,0,0,0,0,0,0,0,398,0,0,0,78129.0,0.0,0.0,0.0,158,101
2023-01-07,0,0,0,0,0,0,0,0,0,0,0,0,0,0,0,0,0,0,0,0,0,0,337,0,0,0,70953.0,0.0,0.0,0.0,69,73
2023-01-08,0,0,0,0,0,0,0,0,0,0,0,0,0,0,0,0,0,0,0,0,0,0,355,0,0,0,73360.0,0.0,0.0,0.0,46,102
2023-01-09,0,0,0,0,0,0,0,0,0,0,0,0,0,0,0,0,0,0,0,0,0,0,443,0,0,0,99411.0,0.0,0.0,0.0,190,103
2023-01-10,0,0,0,0,0,0,0,0,0,0,0,0,0,0,0,0,0,0,0,0,0,0,419,0,0,0,85663.0,0.0,0.0,0.0,158,86
2023-01-11,0,0,0,0,0,0,0,0,0,0,0,0,0,0,0,0,0,0,0,0,0,0,422,0,0,0,84530.0,0.0,0.0,0.0,173,93
2023-01-12,0,0,0,0,0,0,0,0,0,0,0,0,0,0,0,0,0,0,0,0,0,0,392,0,0,0,78136.0,0.0,0.0,0.0,175,93
2023-01-13,0,0,0,0,0,0,0,0,0,0,0,0,0,0,0,0,0,0,0,0,0,0,344,0,0,0,70561.0,0.0,0.0,0.0,167,95
2023-01-14,0,0,0,0,0,0,0,0,0,0,0,0,0,0,0,0,0,0,0,0,0,0,309,0,0,0,66724.0,0.0,0.0,0.0,54,75
2023-01-15,0,0,0,0,0,0,0,0,0,0,0,0,0,0,0,0,0,0,0,0,0,0,319,0,0,0,68021.0,0.0,0.0,0.0,32,85
2023-01-16,0,0,0,0,0,0,0,0,0,0,0,0,0,0,0,0,0,0,0,0,0,0,337,0,0,0,65984.0,0.0,0.0,0.0,178,91
2023-01-17,0,0,0,0,0,0,0,0,0,0,0,0,0,0,0,0,0,0,0,0,0,0,339,0,0,0,65609.0,0.0,0.0,0.0,153,101
2023-01-18,0,0,0,0,0,0,0,0,0,0,0,0,0,0,0,0,0,0,0,0,0,0,336,0,0,0,67258.0,0.0,0.0,0.0,158,103
2023-01-19,0,0,0,0,0,0,0,0,0,0,0,0,0,0,0,0,0,0,0,0,0,0,356,0,0,0,79068.0,0.0,0.0,0.0,163,94
2023-01-20,0,0,0,0,0,0,0,0,0,0,0,0,0,0,0,0,0,0,0,0,0,0,342,0,0,0,71413.0,0.0,0.0,0.0,100,74
2023-01-21,0,0,0,0,0,0,0,0,0,0,0,0,0,0,0,0,0,0,0,0,0,0,264,0,0,0,64002.0,0.0,0.0,0.0,40,49
2023-01-22,0,0,0,0,0,0,0,0,0,0,0,0,0,0,0,0,0,0,0,0,0,0,285,0,0,0,66000.0,0.0,0.0,0.0,28,75
2023-01-23,0,0,0,0,0,0,0,0,0,0,0,0,0,0,0,0,0,0,0,0,0,0,368,0,0,0,88745.0,0.0,0.0,0.0,38,80
2023-01-24,0,0,0,0,0,0,0,0,0,0,0,0,0,0,0,0,0,0,0,0,0,0,286,0,0,0,77484.0,0.0,0.0,0.0,28,68
2023-01-25,0,0,0,0,0,0,0,0,0,0,0,0,0,0,0,0,0,0,0,0,0,0,312,0,0,0,64466.0,0.0,0.0,0.0,104,77
2023-01-26,0,0,0,0,0,0,0,0,0,0,0,0,0,0,0,0,0,0,0,0,0,0,322,0,0,0,76403.0,0.0,0.0,0.0,159,96
2023-01-27,0,0,0,0,0,0,0,0,0,0,0,0,0,0,0,0,0,0,0,0,0,0,316,0,0,0,58139.0,0.0,0.0,0.0,93,87
2023-01-28,0,0,0,0,0,0,0,0,0,0,0,0,0,0,0,0,0,0,0,0,0,0,298,0,0,0,63141.0,0.0,0.0,0.0,37,63
2023-01-29,0,0,0,0,0,0,0,0,0,0,0,0,0,0,0,0,0,0,0,0,0,0,266,0,0,0,66792.0,0.0,0.0,0.0,29,59
2023-01-30,0,0,0,0,0,0,0,0,0,0,0,0,0,0,0,0,0,0,0,0,0,0,322,0,0,0,76344.0,0.0,0.0,0.0,133,73
2023-01-31,0,0,0,0,0,0,0,0,0,0,0,0,0,0,0,0,0,0,0,0,0,0,323,0,0,0,69683.0,0.0,0.0,0.0,149,88
2023-02-01,0,0,0,0,0,0,0,0,0,0,0,0,0,0,0,0,0,0,0,0,0,0,396,2,0,0,86120.0,0.0,0.0,0.0,192,75
2023-02-02,0,0,0,0,0,0,0,0,0,0,0,0,0,0,0,0,0,0,0,0,0,0,302,0,0,0,75841.0,0.0,0.0,0.0,151,73
2023-02-03,0,0,0,0,0,0,0,0,0,0,0,0,0,0,0,0,0,0,0,0,0,0,359,1,0,0,79372.0,0.0,0.0,0.0,133,103
2023-02-04,0,0,0,0,0,0,0,0,0,0,0,0,0,0,0,0,0,0,0,0,0,0,366,0,0,0,85545.0,0.0,0.0,0.0,43,78
2023-02-05,0,0,0,0,0,0,0,0,0,0,0,0,0,0,0,0,0,0,0,0,0,0,342,0,0,0,84204.0,0.0,0.0,0.0,47,79
2023-02-06,0,0,0,0,0,0,0,0,0,0,0,0,0,0,0,0,0,0,0,0,0,0,357,0,0,0,90529.0,0.0,0.0,0.0,134,114
2023-02-07,0,0,0,0,0,0,0,0,0,0,0,0,0,0,0,0,0,0,0,0,0,0,341,0,0,0,78654.0,0.0,0.0,0.0,162,98
2023-02-08,0,0,0,0,0,0,0,0,0,0,0,0,0,0,0,0,0,0,0,0,0,0,375,0,0,0,95447.0,0.0,0.0,0.0,148,86
2023-02-09,0,0,0,0,0,0,0,0,0,0,0,0,0,0,0,0,0,0,0,0,0,0,350,0,0,0,82939.0,0.0,0.0,0.0,129,73
2023-02-10,0,0,0,0,0,0,0,0,0,0,0,0,0,0,0,0,0,0,0,0,0,0,319,0,0,0,78662.0,0.0,0.0,0.0,123,93
2023-02-11,0,0,0,0,0,0,0,0,0,0,0,0,0,0,0,0,0,0,0,0,0,0,283,0,0,0,73994.0,0.0,0.0,0.0,46,70
2023-02-12,0,0,0,0,0,0,0,0,0,0,0,0,0,0,0,0,0,0,0,0,0,0,311,0,0,0,92049.0,0.0,0.0,0.0,30,70
2023-02-13,0,0,0,0,0,0,0,0,0,0,0,0,0,0,0,0,0,0,0,0,0,0,346,0,0,0,90630.0,0.0,0.0,0.0,115,94
2023-02-14,0,0,0,0,0,0,0,0,0,0,0,0,0,0,0,0,0,0,0,0,0,0,324,0,0,0,84338.0,0.0,0.0,0.0,138,61
2023-02-15,0,0,0,0,0,0,0,0,0,0,0,0,0,0,0,0,0,0,0,0,0,0,281,0,0,0,74709.0,0.0,0.0,0.0,126,89
2023-02-16,0,0,0,0,0,0,0,0,0,0,0,0,0,0,0,0,0,0,0,0,0,0,361,0,0,0,82096.0,0.0,0.0,0.0,124,80
2023-02-17,0,0,0,0,0,0,0,0,0,0,0,0,0,0,0,0,0,0,0,0,0,0,325,0,0,0,72900.0,0.0,0.0,0.0,120,76
2023-02-18,0,0,0,0,0,0,0,0,0,0,0,0,0,0,0,0,0,0,0,0,0,0,333,0,0,0,81524.0,0.0,0.0,0.0,41,64
2023-02-19,0,0,0,0,0,0,0,0,0,0,0,0,0,0,0,0,0,0,0,0,0,0,332,0,0,0,81186.0,0.0,0.0,0.0,34,94
2023-02-20,0,0,0,0,0,0,0,0,0,0,0,0,0,0,0,0,0,0,0,0,0,0,378,0,0,0,85247.0,0.0,0.0,0.0,144,120
2023-02-21,0,0,0,0,0,0,0,0,0,0,0,0,0,0,0,0,0,0,0,0,0,0,350,0,0,0,78618.0,0.0,0.0,0.0,159,105
2023-02-22,0,0,0,0,0,0,0,0,0,0,0,0,0,0,0,0,0,0,0,0,0,0,422,0,0,0,84375.0,0.0,0.0,0.0,132,227
2023-02-23,0,0,0,0,0,0,0,0,0,0,0,0,0,0,0,0,0,0,0,0,0,0,408,0,0,0,78455.0,0.0,0.0,0.0,177,116
2023-02-24,0,0,0,0,0,0,0,0,0,0,0,0,0,0,0,0,0,0,0,0,0,0,373,0,0,0,80489.0,0.0,0.0,0.0,132,91
2023-02-25,0,0,0,0,0,0,0,0,0,0,0,0,0,0,0,0,0,0,0,0,0,0,321,0,0,0,69095.0,2884.0,0.0,0.0,51,89
2023-02-26,0,0,0,0,0,0,0,0,0,0,0,0,0,0,0,0,0,0,0,0,0,0,341,0,0,0,75462.0,31350.0,0.0,0.0,43,101
2023-02-27,0,0,0,0,0,0,0,0,0,0,0,0,0,0,0,0,0,0,0,0,0,0,390,0,0,0,80314.0,29725.0,0.0,0.0,151,101
2023-02-28,0,0,0,0,0,0,0,0,0,0,0,0,0,0,0,0,0,0,0,0,0,0,405,0,0,0,74400.0,29906.0,0.0,0.0,102,102
2023-03-01,0,0,0,0,0,0,0,0,0,0,0,0,0,0,0,0,0,0,0,0,0,0,382,0,0,0,77592.0,29949.0,0.0,0.0,60,80
2023-03-02,0,0,0,0,0,0,0,0,0,0,0,0,0,0,0,0,0,0,0,0,0,0,376,0,0,0,75778.0,29973.0,0.0,0.0,126,82
2023-03-03,0,0,0,0,0,0,0,0,0,0,0,0,0,0,0,0,0,0,0,0,0,0,319,0,0,0,72312.0,29499.0,0.0,0.0,135,67
2023-03-04,0,0,0,0,0,0,0,0,0,0,0,0,0,0,0,0,0,0,0,0,0,0,258,0,0,0,60237.0,29598.0,0.0,0.0,71,78
2023-03-05,0,0,0,0,0,0,0,0,0,0,0,0,0,0,0,0,0,0,0,0,0,0,338,0,0,0,80612.0,30692.0,0.0,0.0,51,83
2023-03-06,0,0,0,0,0,0,0,0,0,0,0,0,0,0,0,0,0,0,0,0,0,0,453,0,0,0,81881.0,31286.0,0.0,0.0,123,90
2023-03-07,0,0,0,0,0,0,0,0,0,0,0,0,0,0,0,0,0,0,0,0,0,0,480,0,0,0,89813.0,29864.0,0.0,0.0,160,97
2023-03-08,0,0,0,0,0,0,0,0,0,0,0,0,0,0,0,0,0,0,0,0,0,0,404,0,0,0,82482.0,29441.0,0.0,0.0,124,103
2023-03-09,0,0,0,0,0,0,0,0,0,0,0,0,0,0,0,0,0,0,0,0,0,0,381,0,0,0,77238.0,28379.0,0.0,0.0,149,82
2023-03-10,0,0,0,0,0,0,0,0,0,0,0,0,0,0,0,0,0,0,0,0,0,0,335,0,0,0,64486.0,10688.0,0.0,0.0,146,69
2023-03-11,0,0,0,0,0,0,0,0,0,0,0,0,0,0,0,0,0,0,0,0,0,0,512,0,0,0,99999.0,0.0,0.0,0.0,29,84
2023-03-12,0,0,0,0,0,0,0,0,0,0,0,0,0,0,0,0,0,0,0,0,0,0,496,0,0,0,116416.0,0.0,0.0,0.0,38,102
2023-03-13,0,0,0,0,0,0,0,0,0,0,0,0,0,0,0,0,0,0,0,0,0,0,504,0,0,0,133322.0,0.0,0.0,0.0,160,107
2023-03-14,0,0,0,0,0,0,0,0,0,0,0,0,0,0,0,0,0,0,0,0,0,0,532,0,0,0,129259.0,0.0,0.0,0.0,159,93
2023-03-15,0,0,0,0,0,0,0,0,0,0,0,0,0,0,0,0,0,0,0,0,0,0,524,0,0,0,129703.0,0.0,0.0,0.0,161,108
2023-03-16,0,0,0,0,0,0,0,0,0,0,0,0,0,0,0,0,0,0,0,0,0,0,492,0,0,0,131229.0,0.0,0.0,0.0,137,97
2023-03-17,0,0,0,0,0,0,0,0,0,0,0,0,0,0,0,0,0,0,0,0,0,0,459,0,0,0,118597.0,0.0,0.0,0.0,157,98
2023-03-18,0,0,0,0,0,0,0,0,0,0,0,0,0,0,0,0,0,0,0,0,0,0,444,0,0,0,123753.0,0.0,0.0,0.0,51,69
2023-03-19,0,0,0,0,0,0,0,0,0,0,0,0,0,0,0,0,0,0,0,0,0,0,430,0,0,0,117404.0,0.0,0.0,0.0,42,108
2023-03-20,0,0,0,0,0,0,0,0,0,0,0,0,0,0,0,0,0,0,0,0,0,0,419,0,0,0,133953.0,0.0,0.0,0.0,176,109
2023-03-21,0,0,0,0,0,0,0,0,0,0,0,0,0,0,0,0,0,0,0,0,0,0,523,0,0,0,138572.0,0.0,0.0,0.0,149,111
2023-03-22,0,0,0,0,0,0,0,0,0,0,0,0,0,0,0,0,0,0,0,0,0,0,468,0,0,0,115808.0,0.0,0.0,0.0,160,105
2023-03-23,0,0,0,0,0,0,0,0,0,0,0,0,0,0,0,0,0,0,0,0,0,0,379,0,0,0,111952.0,0.0,0.0,0.0,164,141
2023-03-24,0,0,0,0,0,0,0,0,0,0,0,0,0,0,0,0,0,0,0,0,0,0,426,0,0,0,100730.0,0.0,0.0,0.0,141,94
2023-03-25,0,0,0,0,0,0,0,0,0,0,0,0,0,0,0,0,0,0,0,0,0,0,383,0,0,0,86406.0,0.0,0.0,0.0,42,65
2023-03-26,0,0,0,0,0,0,0,0,0,0,0,0,0,0,0,0,0,0,0,0,0,0,441,0,0,0,99388.0,0.0,0.0,0.0,45,75
2023-03-27,0,0,0,0,0,0,0,0,0,0,0,0,0,0,0,0,0,0,0,0,0,0,513,0,0,0,115980.0,0.0,0.0,0.0,221,98
2023-03-28,0,0,0,0,0,0,0,0,0,0,0,0,0,0,0,0,0,0,0,0,0,0,501,0,0,0,110841.0,0.0,0.0,0.0,144,83
2023-03-29,0,0,0,0,0,0,0,0,0,0,0,0,0,0,0,0,0,0,0,0,0,0,485,0,0,0,113054.0,0.0,0.0,0.0,154,107
2023-03-30,0,0,0,0,0,0,0,0,0,0,0,0,0,0,0,0,0,0,0,0,0,0,488,0,0,0,108876.0,4542.0,0.0,0.0,155,124
2023-03-31,0,0,0,0,0,0,0,0,0,0,0,0,0,0,0,0,0,0,0,0,0,0,496,0,0,0,115118.0,20568.0,0.0,0.0,181,119
2023-04-01,0,0,0,0,0,0,0,0,0,0,0,0,0,0,0,0,0,0,0,0,0,0,422,0,0,0,92248.0,20604.0,0.0,0.0,54,90
2023-04-02,0,0,0,0,0,0,0,0,0,0,0,0,0,0,0,0,0,0,0,0,0,0,445,0,0,0,96032.0,20619.0,0.0,0.0,48,97
2023-04-03,0,0,0,0,0,0,0,0,0,0,0,0,0,0,0,0,0,0,0,0,0,0,623,0,0,0,152651.0,20600.0,0.0,0.0,172,156
2023-04-04,0,0,0,0,0,0,0,0,0,0,0,0,0,0,0,0,0,0,0,0,0,0,549,0,0,0,125557.0,19998.0,0.0,0.0,135,110
2023-04-05,0,0,0,0,0,0,0,0,0,0,0,0,0,0,0,0,0,0,0,0,0,0,535,0,0,0,135554.0,19716.0,0.0,0.0,167,108
2023-04-06,0,0,0,0,0,0,0,0,0,0,0,0,0,0,0,0,0,0,0,0,0,0,582,0,0,0,125131.0,19684.0,0.0,0.0,185,97
2023-04-07,0,0,0,0,0,0,0,0,0,0,0,0,0,0,0,0,0,0,0,0,0,0,546,0,0,0,107808.0,19753.0,0.0,0.0,143,160
2023-04-08,0,0,0,0,0,0,0,0,0,0,0,0,0,0,0,0,0,0,0,0,0,0,517,0,0,0,113723.0,19630.0,0.0,0.0,56,118
2023-04-09,0,0,0,0,0,0,0,0,0,0,0,0,0,0,0,0,0,0,0,0,0,0,500,0,0,0,108088.0,20416.0,0.0,0.0,68,127
2023-04-10,0,0,0,0,0,0,0,0,0,0,0,0,0,0,0,0,0,0,0,0,0,0,579,0,0,0,131757.0,20385.0,0.0,0.0,179,131
2023-04-11,0,0,0,0,0,0,0,0,0,0,0,0,0,0,0,0,0,0,0,0,0,0,488,0,0,0,133379.0,19777.0,0.0,0.0,222,130
2023-04-12,0,0,0,0,0,0,0,0,0,0,0,0,0,0,0,0,0,0,0,0,0,0,486,0,0,0,139969.0,19422.0,0.0,0.0,217,119
2023-04-13,0,0,0,0,0,0,0,0,0,0,0,0,0,0,0,0,0,0,0,0,0,0,476,0,0,0,134416.0,0.0,0.0,0.0,184,143
2023-04-14,0,0,0,0,0,0,0,0,0,0,0,0,0,0,0,0,0,0,0,0,0,0,417,0,0,0,125403.0,0.0,0.0,0.0,167,112
2023-04-15,0,0,0,0,0,0,0,0,0,0,0,0,0,0,0,0,0,0,0,0,0,0,425,0,0,0,110406.0,0.0,0.0,0.0,65,115
2023-04-16,0,0,0,0,0,0,0,0,0,0,0,0,0,0,0,0,0,0,0,0,0,0,443,0,0,0,106798.0,0.0,0.0,0.0,56,133
2023-04-17,0,0,0,0,0,0,0,0,0,0,0,0,0,0,0,0,0,0,0,0,0,0,610,0,0,0,155036.0,24271.0,0.0,0.0,168,133
2023-04-18,0,0,0,0,0,0,0,0,0,0,0,0,0,0,0,0,0,0,0,0,0,0,567,0,0,0,147776.0,22120.0,0.0,0.0,179,123
2023-04-19,0,0,0,0,0,0,0,0,0,0,0,0,0,0,0,0,0,0,0,0,0,0,468,0,0,0,131740.0,23269.0,0.0,0.0,116,140
2023-04-20,0,0,0,0,0,0,0,0,0,0,0,0,0,0,0,0,0,0,0,0,0,0,418,0,0,0,122088.0,23393.0,0.0,0.0,169,94
2023-04-21,0,0,0,0,0,0,0,0,0,0,0,0,0,0,0,0,0,0,0,0,0,0,355,0,0,0,87670.0,23288.0,0.0,0.0,108,126
2023-04-22,0,0,0,0,0,0,0,0,0,0,0,0,0,0,0,0,0,0,0,0,0,0,385,0,0,0,99028.0,23659.0,0.0,0.0,50,98
2023-04-23,0,0,0,0,0,0,0,0,0,0,0,0,0,0,0,0,0,0,0,0,0,0,372,0,0,0,114274.0,0.0,0.0,0.0,48,114
2023-04-24,0,0,0,0,0,0,0,0,0,0,0,0,0,0,0,0,0,0,0,0,0,0,582,0,0,0,163751.0,0.0,0.0,0.0,185,184
2023-04-25,0,0,0,0,0,0,0,0,0,0,0,0,0,0,0,0,0,0,0,0,0,0,535,0,0,0,144878.0,0.0,0.0,0.0,187,141
2023-04-26,0,0,0,0,0,0,0,0,0,0,0,0,0,0,0,0,0,0,0,0,0,0,515,0,0,0,137259.0,0.0,0.0,0.0,217,152
2023-04-27,0,0,0,0,0,0,0,0,0,0,0,0,0,0,0,0,0,0,0,0,0,0,485,0,0,0,120602.0,0.0,0.0,0.0,183,130
2023-04-28,0,0,0,0,0,0,0,0,0,0,0,0,0,0,0,0,0,0,0,0,0,0,570,0,0,0,157472.0,0.0,0.0,0.0,213,131
2023-04-29,0,0,0,0,0,0,0,0,0,0,0,0,0,0,0,0,0,0,0,0,0,0,434,0,0,0,133582.0,0.0,0.0,0.0,108,133
2023-04-30,0,0,0,0,0,0,0,0,0,0,0,0,0,0,0,0,0,0,0,0,0,0,387,0,0,0,101090.0,0.0,0.0,0.0,63,112
2023-05-01,0,0,0,0,0,0,0,0,0,0,0,0,0,0,0,0,0,0,0,0,0,0,390,0,0,0,105234.0,0.0,0.0,0.0,76,118
2023-05-02,0,0,0,0,0,0,0,0,0,0,0,0,0,0,0,0,0,0,0,0,0,0,457,0,0,0,125184.0,0.0,0.0,0.0,210,163
2023-05-03,0,0,0,0,0,0,0,0,0,0,0,0,0,0,0,0,0,0,0,0,0,0,513,0,0,0,147744.0,0.0,0.0,0.0,223,144
2023-05-04,0,0,0,0,0,0,0,0,0,0,0,0,0,0,0,0,0,0,0,0,0,0,527,0,0,0,156711.0,0.0,0.0,0.0,198,132
2023-05-05,0,0,0,0,0,0,0,0,0,0,0,0,0,0,0,0,0,0,0,0,0,0,474,0,0,0,130347.0,0.0,0.0,0.0,69,112
2023-05-06,0,0,0,0,0,0,0,0,0,0,0,0,0,0,0,0,0,0,0,0,0,0,437,0,0,0,121908.0,0.0,0.0,0.0,63,104
2023-05-07,0,0,0,0,0,0,0,0,0,0,0,0,0,0,0,0,0,0,0,0,0,0,483,0,0,0,131449.0,0.0,0.0,0.0,60,118
2023-05-08,0,0,0,0,0,0,0,0,0,0,0,0,0,0,0,0,0,0,0,0,0,0,481,0,0,0,119212.0,0.0,0.0,0.0,218,154
2023-05-09,0,0,0,0,0,0,0,0,0,0,0,0,0,0,0,0,0,0,0,0,0,0,512,0,0,0,132620.0,0.0,0.0,0.0,191,126
2023-05-10,0,0,0,0,0,0,0,0,0,0,0,0,0,0,0,0,0,0,0,0,0,0,490,0,0,0,150968.0,0.0,0.0,0.0,175,135
2023-05-11,0,0,0,0,0,0,0,0,0,0,0,0,0,0,0,0,0,0,0,0,0,0,437,0,0,0,105638.0,0.0,0.0,0.0,167,146
2023-05-12,0,0,0,0,0,0,0,0,0,0,0,0,0,0,0,0,0,0,0,0,0,0,440,0,0,0,99137.0,0.0,0.0,0.0,152,117
2023-05-13,0,0,0,0,0,0,0,0,0,0,0,0,0,0,0,0,0,0,0,0,0,0,447,0,0,0,113974.0,0.0,0.0,0.0,54,111
2023-05-14,0,0,0,0,0,0,0,0,0,0,0,0,0,0,0,0,0,0,0,0,0,0,437,0,0,0,120208.0,0.0,0.0,0.0,59,126
2023-05-15,0,0,0,0,0,0,0,0,0,0,0,0,0,0,0,0,0,0,0,0,0,0,548,0,0,0,146148.0,0.0,0.0,0.0,214,142
2023-05-16,0,0,0,0,0,0,0,0,0,0,0,0,0,0,0,0,0,0,0,0,0,0,491,0,0,0,130633.0,0.0,0.0,0.0,157,128
2023-05-17,0,0,0,0,0,0,0,0,0,0,0,0,0,0,0,0,0,0,0,0,0,0,521,0,0,0,142003.0,0.0,0.0,0.0,170,120
2023-05-18,0,0,0,0,0,0,0,0,0,0,0,0,0,0,0,0,0,0,0,0,0,0,504,0,0,0,132480.0,0.0,0.0,0.0,223,129
2023-05-19,0,0,0,0,0,0,0,0,0,0,0,0,0,0,0,0,0,0,0,0,0,0,540,0,0,0,150263.0,0.0,0.0,0.0,174,110
2023-05-20,0,0,0,0,0,0,0,0,0,0,0,0,0,0,0,0,0,0,0,0,0,0,467,0,0,0,124147.0,0.0,0.0,0.0,51,140
2023-05-21,0,0,0,0,0,0,0,0,0,0,0,0,0,0,0,0,0,0,0,0,0,0,438,0,0,0,119738.0,0.0,0.0,0.0,61,106
2023-05-22,0,0,0,0,0,0,0,0,0,0,0,0,0,0,0,0,0,0,0,0,0,0,468,0,0,0,107482.0,0.0,0.0,0.0,182,107
2023-05-23,0,0,0,0,0,0,0,0,0,0,0,0,0,0,0,0,0,0,0,0,0,0,469,0,0,0,129310.0,0.0,0.0,0.0,124,121
2023-05-24,0,0,0,0,0,0,0,0,0,0,0,0,0,0,0,0,0,0,0,0,0,0,543,0,0,0,121685.0,0.0,0.0,0.0,167,119
2023-05-25,0,0,0,0,0,0,0,0,0,0,0,0,0,0,0,0,0,0,0,0,0,0,591,0,0,0,144997.0,0.0,0.0,0.0,238,132
2023-05-26,0,0,0,0,0,0,0,0,0,0,0,0,0,0,0,0,0,0,0,0,0,0,563,0,0,0,129059.0,0.0,0.0,0.0,171,102
2023-05-27,0,0,0,0,0,0,0,0,0,0,0,0,0,0,0,0,0,0,0,0,0,0,480,0,0,0,112364.0,0.0,0.0,0.0,98,109
2023-05-28,0,0,0,0,0,0,0,0,0,0,0,0,0,0,0,0,0,0,0,0,0,0,553,0,0,0,135997.0,0.0,0.0,0.0,65,152
2023-05-29,0,0,0,0,0,0,0,0,0,0,0,0,0,0,0,0,0,0,0,0,0,0,525,0,0,0,129588.0,0.0,0.0,0.0,78,141
2023-05-30,0,0,0,0,0,0,0,0,0,0,0,0,0,0,0,0,0,0,0,0,0,0,541,0,0,0,122068.0,0.0,0.0,0.0,208,119
2023-05-31,0,0,0,0,0,0,0,0,0,0,0,0,0,0,0,0,0,0,0,0,0,0,476,0,0,0,113841.0,0.0,0.0,0.0,193,131
2023-06-01,0,0,0,0,0,0,0,0,0,0,0,0,0,0,0,0,0,0,0,0,0,0,527,0,0,0,128782.0,0.0,0.0,0.0,257,121
2023-06-02,0,0,0,0,0,0,0,0,0,0,0,0,0,0,0,0,0,0,0,0,0,0,586,0,0,0,150511.0,0.0,0.0,0.0,198,125
2023-06-03,0,0,0,0,0,0,0,0,0,0,0,0,0,0,0,0,0,0,0,0,0,0,526,0,0,0,130949.0,0.0,0.0,0.0,70,120
2023-06-04,0,0,0,0,0,0,0,0,0,0,0,0,0,0,0,0,0,0,0,0,0,0,539,0,0,0,128388.0,0.0,0.0,0.0,56,110
2023-06-05,0,0,0,0,0,0,0,0,0,0,0,0,0,0,0,0,0,0,0,0,0,0,632,0,0,0,202638.0,0.0,0.0,0.0,164,140
2023-06-06,0,0,0,0,0,0,0,0,0,0,0,0,0,0,0,0,0,0,0,0,0,0,553,0,0,0,228314.0,0.0,0.0,0.0,94,127
2023-06-07,0,0,0,0,0,0,0,0,0,0,0,0,0,0,0,0,0,0,0,0,0,0,593,0,0,0,292477.0,0.0,0.0,0.0,153,169
2023-06-08,0,0,0,0,0,0,0,0,0,0,0,0,0,0,0,0,0,0,0,0,0,0,649,0,0,0,296050.0,0.0,0.0,0.0,185,122
2023-06-09,0,0,0,0,0,0,0,0,0,0,0,0,0,0,0,0,0,0,0,0,0,0,617,0,0,0,254062.0,0.0,0.0,0.0,170,116
2023-06-10,1,0,0,0,0,0,0,0,0,0,0,0,0,0,0,0,0,0,0,0,0,0,668,0,0,0,251472.0,0.0,0.0,0.0,65,153
2023-06-11,1,0,0,0,0,0,0,0,0,0,0,0,0,0,0,0,0,0,0,0,0,0,641,0,0,0,249506.0,0.0,0.0,0.0,68,132
2023-06-12,1,0,0,0,0,0,0,0,0,0,0,0,0,0,0,0,0,0,0,0,0,0,787,0,0,0,273464.0,0.0,0.0,0.0,202,155
2023-06-13,1,0,0,0,0,0,0,0,0,0,0,0,0,0,0,0,0,0,0,0,0,0,771,0,0,0,217195.0,0.0,0.0,0.0,208,150
2023-06-14,1,0,0,0,0,0,0,0,0,0,0,0,0,0,0,0,0,0,0,0,0,0,729,0,0,0,206804.0,0.0,0.0,0.0,259,143
2023-06-15,1,0,0,0,0,0,0,0,0,0,0,0,0,0,0,0,0,0,0,0,0,0,625,0,0,0,169706.0,0.0,0.0,0.0,208,149
2023-06-16,1,0,0,0,0,0,0,0,0,0,0,0,0,0,0,0,0,0,0,0,0,0,777,0,0,0,217684.0,0.0,0.0,0.0,164,145
2023-06-17,1,0,0,0,0,0,0,0,0,0,0,0,0,0,0,0,0,0,0,0,0,0,772,0,0,0,244394.0,0.0,0.0,0.0,85,97
2023-06-18,1,0,0,0,0,0,0,0,0,0,0,0,0,0,0,0,0,0,0,0,0,0,741,0,0,0,200473.0,0.0,0.0,0.0,74,109
2023-06-19,1,0,0,0,0,0,0,0,0,0,0,0,0,0,0,0,0,0,0,0,0,0,860,0,0,0,217196.0,0.0,0.0,0.0,213,145
2023-06-20,1,0,0,0,0,0,0,0,0,0,0,0,0,0,0,0,0,0,0,0,0,0,761,0,0,0,206079.0,9038.0,0.0,0.0,186,135
2023-06-21,1,0,0,0,0,0,0,0,0,0,0,0,0,0,0,0,0,0,0,0,0,0,761,0,0,0,212594.0,25060.0,0.0,0.0,210,127
2023-06-22,1,0,0,0,0,0,0,0,0,0,0,0,0,0,0,0,0,0,0,0,0,0,709,0,0,0,209045.0,25077.0,0.0,0.0,213,137
2023-06-23,1,0,0,0,0,0,0,0,0,0,0,0,0,0,0,0,0,0,0,0,0,0,704,0,0,0,205563.0,25495.0,0.0,0.0,175,138
2023-06-24,1,0,0,0,0,0,0,0,0,0,0,0,0,0,0,0,0,0,0,0,0,0,633,0,0,0,183569.0,26618.0,0.0,0.0,47,88
2023-06-25,1,0,0,0,0,0,0,0,0,0,0,0,0,0,0,0,0,0,0,0,0,0,591,0,0,0,179477.0,25681.0,0.0,0.0,58,117
2023-06-26,1,0,0,0,0,0,0,0,0,0,0,0,0,0,0,0,0,0,0,0,0,0,745,0,0,0,223723.0,31514.0,0.0,0.0,179,165
2023-06-27,1,0,0,0,0,0,0,0,0,0,0,0,0,0,0,0,0,0,0,0,0,0,728,0,0,0,230398.0,54507.0,0.0,0.0,184,149
2023-06-28,1,0,0,0,0,0,0,0,0,0,0,0,0,0,0,0,0,0,0,0,0,0,761,0,0,0,233450.0,52041.0,0.0,0.0,182,149
2023-06-29,1,0,0,0,0,0,0,0,0,0,0,0,0,0,0,0,0,0,0,0,0,0,744,0,0,0,196141.0,28245.0,0.0,0.0,207,186
2023-06-30,1,0,0,0,0,0,0,0,0,0,0,0,0,0,0,0,0,0,0,0,0,0,647,0,0,0,159647.0,16625.0,0.0,0.0,170,159
2023-07-01,0,0,0,0,0,0,0,0,0,0,0,0,0,0,0,0,0,0,0,0,0,0,754,0,0,0,188722.0,0.0,0.0,0.0,83,164
2023-07-02,0,0,0,0,0,0,0,0,0,0,0,0,0,0,0,0,0,0,0,0,0,0,725,0,0,0,221107.0,0.0,0.0,0.0,49,162
2023-07-03,0,0,0,0,0,0,0,0,0,0,0,0,0,0,0,0,0,0,0,0,0,0,757,0,0,0,210768.0,0.0,0.0,0.0,151,218
2023-07-04,0,0,0,0,0,0,0,0,0,0,0,0,0,0,0,0,0,0,0,0,0,0,740,0,0,0,218632.0,0.0,0.0,0.0,141,192
2023-07-05,0,0,0,0,0,0,0,0,0,0,0,0,0,0,0,0,0,0,0,0,0,0,818,0,0,0,217941.0,0.0,0.0,0.0,158,168
2023-07-06,0,0,0,0,0,0,0,0,0,0,0,0,0,0,0,0,0,0,0,0,0,0,769,0,0,0,205720.0,0.0,0.0,0.0,154,199
2023-07-07,0,0,0,0,0,0,0,0,0,0,0,0,0,0,0,0,0,0,0,0,0,0,680,0,0,0,191085.0,0.0,0.0,0.0,178,171
2023-07-08,0,0,0,0,0,0,0,0,0,0,0,0,0,0,0,0,0,0,0,0,0,0,652,0,0,0,188958.0,0.0,0.0,0.0,58,147
2023-07-09,0,0,0,0,0,0,0,0,0,0,0,0,0,0,0,0,0,0,0,0,0,0,680,0,0,0,182022.0,0.0,0.0,0.0,55,155
2023-07-10,0,0,0,0,0,0,0,0,0,0,0,0,0,0,0,0,0,0,0,0,0,0,730,0,0,0,236540.0,0.0,0.0,0.0,190,181
2023-07-11,0,0,0,0,0,0,0,0,0,0,0,0,0,0,0,0,0,0,0,0,0,0,814,0,0,0,257964.0,0.0,0.0,0.0,181,168
2023-07-12,0,0,0,0,0,0,0,0,0,0,0,0,0,0,0,0,0,0,0,0,0,0,749,0,0,0,220714.0,0.0,0.0,0.0,168,175
2023-07-13,0,0,0,0,0,0,0,0,0,0,0,0,0,0,0,0,0,0,0,0,0,0,713,0,0,0,215817.0,0.0,0.0,0.0,181,177
2023-07-14,0,0,0,0,0,0,0,0,0,0,0,0,0,0,0,0,0,0,0,0,0,0,636,0,0,0,200445.0,0.0,0.0,0.0,154,171
2023-07-15,0,0,0,0,0,0,0,0,0,0,0,0,0,0,0,0,0,0,0,0,0,0,627,0,0,0,195059.0,0.0,0.0,0.0,68,122
2023-07-16,0,0,0,0,0,0,0,0,0,0,0,0,0,0,0,0,0,0,0,0,0,0,573,0,0,0,195295.0,0.0,0.0,0.0,58,150
2023-07-17,0,0,0,0,0,0,0,0,0,0,0,0,0,0,0,0,0,0,0,0,0,0,633,0,0,0,211226.0,0.0,0.0,0.0,165,171
2023-07-18,0,0,0,0,0,0,0,0,0,0,0,0,0,0,0,0,0,0,0,0,0,0,671,0,0,0,201391.0,0.0,0.0,0.0,125,161
2023-07-19,0,0,0,0,0,0,0,0,0,0,0,0,0,0,0,0,0,0,0,0,0,0,676,0,0,0,207363.0,8314.0,0.0,0.0,163,169
2023-07-20,0,0,0,0,0,0,0,0,0,0,0,0,0,0,0,0,0,0,0,0,0,0,622,0,0,0,157246.0,36180.0,0.0,0.0,169,132
2023-07-21,0,0,0,0,0,0,0,0,0,0,0,0,0,0,0,0,0,0,0,0,0,0,588,0,0,0,154534.0,35644.0,0.0,0.0,146,139
2023-07-22,0,0,0,0,0,0,0,0,0,0,0,0,0,0,0,0,0,0,0,0,0,0,537,0,0,0,157708.0,35052.0,0.0,0.0,42,124
2023-07-23,0,0,0,0,0,0,0,0,0,0,0,0,0,0,0,0,0,0,0,0,0,0,558,0,0,0,171211.0,35667.0,0.0,0.0,53,121
2023-07-24,0,0,0,0,0,0,0,0,0,0,0,0,0,0,0,0,0,0,0,0,0,0,554,0,0,0,185108.0,46244.0,0.0,0.0,184,152
2023-07-25,0,0,0,0,0,0,0,0,0,0,0,0,0,0,0,0,0,0,0,0,0,0,566,0,0,0,180717.0,51567.0,0.0,0.0,158,190
2023-07-26,0,0,0,0,0,0,0,0,0,0,0,0,0,0,0,0,0,0,0,0,0,0,517,0,0,0,166424.0,50620.0,0.0,0.0,161,166
2023-07-27,0,0,0,0,0,0,0,0,0,0,0,0,0,0,0,0,0,0,0,0,0,0,497,0,0,0,156142.0,50764.0,0.0,0.0,164,148
2023-07-28,0,0,0,0,0,0,0,0,0,0,0,0,0,0,0,0,0,0,0,0,0,0,547,0,0,0,145442.0,59298.0,0.0,0.0,174,182
2023-07-29,0,0,0,0,0,0,0,0,0,0,0,0,0,0,0,0,0,0,0,0,0,0,557,0,0,0,168816.0,72890.0,0.0,0.0,70,150
2023-07-30,0,0,0,0,0,0,0,0,0,0,0,0,0,0,0,0,0,0,0,0,0,0,490,0,0,0,138557.0,19349.0,0.0,0.0,66,132
2023-07-31,0,0,0,0,0,0,0,0,0,0,0,0,0,0,0,0,0,0,0,0,0,0,589,0,0,0,166029.0,19485.0,0.0,0.0,182,159
2023-08-01,0,0,0,0,0,0,0,0,0,0,0,0,0,0,0,0,0,0,0,0,0,0,588,0,0,0,196082.0,20698.0,0.0,0.0,141,155
2023-08-02,0,0,0,0,0,0,0,0,0,0,0,0,0,0,0,0,0,0,0,0,0,0,604,0,0,0,174711.0,20027.0,0.0,0.0,170,165
2023-08-03,0,0,0,0,0,0,0,0,0,0,0,0,0,0,0,0,0,0,0,0,0,0,626,0,0,0,186322.0,29500.0,0.0,0.0,186,171
2023-08-04,0,0,0,0,0,0,0,0,0,0,0,0,0,0,0,0,0,0,0,0,0,0,617,1,0,0,187153.0,40162.0,0.0,0.0,147,139
2023-08-05,0,0,0,0,0,0,0,0,0,0,0,0,0,0,0,0,0,0,0,0,0,0,507,0,0,0,140852.0,41885.0,0.0,0.0,63,137
2023-08-06,0,0,0,0,0,0,0,0,0,0,0,0,0,0,0,0,0,0,0,0,0,0,494,0,0,0,148762.0,40979.0,0.0,0.0,60,128
2023-08-07,0,0,0,0,0,0,0,0,0,0,0,0,0,0,0,0,0,0,0,0,0,0,568,0,0,0,204322.0,49048.0,42515.0,0.0,166,186
2023-08-08,0,0,0,0,0,0,0,0,0,0,0,0,0,0,0,0,0,0,0,0,0,0,779,0,0,0,232592.0,51614.0,49312.0,0.0,159,308
2023-08-09,0,0,0,0,0,0,0,0,0,0,0,0,0,0,0,0,0,0,0,0,0,0,647,0,0,0,197821.0,59124.0,0.0,0.0,158,179
2023-08-10,0,0,0,0,0,0,0,0,0,0,0,0,0,0,0,0,0,0,0,0,0,0,579,0,0,0,188587.0,60290.0,0.0,0.0,156,165
2023-08-11,0,0,0,0,0,0,0,0,0,0,0,0,0,0,0,0,0,0,0,0,0,0,529,0,0,0,170677.0,61442.0,0.0,0.0,179,155
2023-08-12,0,0,0,0,0,0,0,0,0,0,0,0,0,0,0,0,0,0,0,0,0,0,465,0,0,0,136614.0,60802.0,0.0,0.0,62,108
2023-08-13,0,0,0,0,0,0,0,0,0,0,0,0,0,0,0,0,0,0,0,0,0,0,386,0,0,0,133250.0,61238.0,0.0,0.0,50,145
2023-08-14,0,0,0,0,0,0,0,0,0,0,0,0,0,0,0,0,0,0,0,0,0,0,477,0,0,0,156938.0,63014.0,0.0,0.0,162,166
2023-08-15,0,0,0,0,0,0,0,0,0,0,0,0,0,0,0,0,0,0,0,0,0,0,489,0,0,0,175727.0,60392.0,0.0,0.0,91,190
2023-08-16,0,0,0,0,0,0,0,0,0,0,0,0,0,0,0,0,0,0,0,0,0,0,522,0,0,0,178335.0,67817.0,0.0,0.0,165,187
2023-08-17,0,0,0,0,0,0,0,0,0,0,0,0,0,0,0,0,0,0,0,0,0,0,477,0,0,0,140519.0,77647.0,0.0,0.0,145,168
2023-08-18,0,0,0,0,0,0,0,0,0,0,0,0,0,0,0,0,0,0,0,0,0,0,520,0,0,0,155759.0,78484.0,0.0,0.0,155,163
2023-08-19,0,0,0,0,0,0,0,0,0,0,0,0,0,0,0,0,0,0,0,0,0,0,432,0,0,0,135124.0,77370.0,0.0,0.0,54,141
2023-08-20,0,0,0,0,0,0,0,0,0,0,0,0,0,0,0,0,0,0,0,0,0,0,470,0,0,0,148028.0,82493.0,0.0,0.0,64,132
2023-08-21,0,0,0,0,0,0,0,0,0,0,0,0,0,0,0,0,0,0,0,0,0,0,491,0,0,0,157921.0,83227.0,0.0,0.0,193,138
2023-08-22,0,0,0,0,0,0,0,0,0,0,0,0,0,0,0,0,0,0,0,0,0,0,565,0,0,0,163250.0,80461.0,0.0,0.0,179,174
2023-08-23,0,0,0,0,0,0,0,0,0,0,0,0,0,0,0,0,0,0,0,0,0,0,599,0,0,0,144416.0,80075.0,0.0,0.0,177,197
2023-08-24,0,0,0,0,0,0,0,0,0,0,0,0,0,0,0,0,0,0,0,0,0,0,662,0,0,0,168627.0,77888.0,0.0,0.0,199,151
2023-08-25,0,0,0,0,0,0,0,0,0,0,0,0,0,0,0,0,0,0,0,0,0,0,594,0,0,0,134244.0,78402.0,0.0,0.0,177,178
2023-08-26,0,0,0,0,0,0,0,0,0,0,0,0,0,0,0,0,0,0,0,0,0,0,425,0,0,0,111124.0,77451.0,0.0,0.0,70,143
2023-08-27,0,0,0,0,0,0,0,0,0,0,0,0,0,0,0,0,0,0,0,0,0,0,441,0,0,0,112543.0,81828.0,0.0,0.0,65,149
2023-08-28,0,0,0,0,0,0,0,0,0,0,0,0,0,0,0,0,0,0,0,0,0,0,338,0,0,0,119052.0,81020.0,0.0,0.0,252,148
2023-08-29,0,0,0,0,0,0,0,0,0,0,0,0,0,0,0,0,0,0,0,0,0,0,422,0,0,0,112470.0,79703.0,0.0,0.0,231,128
2023-08-30,0,0,0,0,0,0,0,0,0,0,0,0,0,0,0,0,0,0,0,0,0,0,605,0,0,0,215371.0,79564.0,0.0,0.0,216,317
2023-08-31,0,0,0,0,0,0,0,0,0,0,0,0,0,0,0,0,0,0,0,0,0,0,716,0,0,0,375550.0,75854.0,0.0,0.0,265,205
2023-09-01,0,0,0,0,0,0,0,0,0,0,0,0,0,0,0,0,0,0,0,0,0,0,523,0,0,0,403276.0,82767.0,0.0,0.0,202,146
2023-09-02,0,0,0,0,0,0,0,0,0,0,0,0,0,0,0,0,0,0,0,0,0,0,738,0,0,0,323467.0,79264.0,0.0,0.0,71,135
2023-09-03,0,0,0,0,0,0,0,0,0,0,0,0,0,0,0,0,0,0,0,0,0,0,382,0,0,0,480074.0,77152.0,0.0,0.0,73,148
2023-09-04,0,0,0,0,0,0,0,0,0,0,0,0,0,0,0,0,0,0,0,0,0,0,494,0,0,0,422018.0,83365.0,0.0,0.0,167,149
2023-09-05,0,0,0,0,0,0,0,0,0,0,0,0,0,0,0,0,0,0,0,0,0,0,551,164,0,0,435872.0,72278.0,0.0,0.0,170,158
2023-09-06,0,0,0,0,0,0,0,0,0,0,0,0,0,0,0,0,0,0,0,0,0,0,555,680,83,0,362495.0,59936.0,0.0,0.0,180,153
2023-09-07,0,0,0,0,0,0,0,0,0,0,0,0,0,0,0,0,0,0,0,0,0,0,586,653,171,0,561225.0,59586.0,0.0,0.0,167,143
2023-09-08,0,0,0,0,0,0,0,0,0,0,0,0,0,0,0,0,0,0,0,0,0,0,569,539,149,0,440460.0,58669.0,0.0,0.0,203,160
2023-09-09,0,0,0,0,0,0,0,0,0,0,0,0,0,0,0,0,0,0,0,0,0,0,631,526,108,0,468058.0,58381.0,0.0,0.0,77,150
2023-09-10,0,0,0,0,0,0,0,0,0,0,0,0,0,0,0,0,0,0,0,0,0,0,538,638,92,0,457489.0,61645.0,0.0,0.0,67,158
2023-09-11,0,1,0,0,0,0,0,0,0,0,0,0,0,0,0,0,0,0,0,0,0,0,674,676,63,0,473108.0,62616.0,0.0,0.0,232,153
2023-09-12,0,1,0,0,0,0,0,0,0,0,0,0,0,0,0,0,0,0,0,0,0,0,557,546,42,0,438075.0,60564.0,0.0,0.0,223,168
2023-09-13,0,1,0,0,0,0,0,0,0,0,0,0,0,0,0,0,0,0,0,0,0,0,554,571,50,0,572946.0,84584.0,0.0,0.0,229,129
2023-09-14,0,1,0,0,0,0,0,0,0,0,0,0,0,0,0,0,0,0,0,0,0,0,566,647,40,0,542155.0,84078.0,0.0,0.0,284,130
2023-09-15,0,1,0,0,0,0,0,0,0,0,0,0,0,0,0,0,0,0,0,0,0,0,611,664,51,0,472957.0,83717.0,0.0,0.0,245,144
2023-09-16,0,1,0,0,0,0,0,0,0,0,0,0,0,0,0,0,0,0,0,0,0,0,577,503,23,0,426972.0,81172.0,0.0,0.0,110,119
2023-09-17,0,1,0,0,0,0,0,0,0,0,0,0,0,0,0,0,0,0,0,0,0,0,584,584,38,0,453594.0,83168.0,0.0,0.0,121,167
2023-09-18,0,0,0,0,0,0,0,0,0,0,0,0,0,0,0,0,0,0,0,0,0,0,707,613,64,0,484030.0,83353.0,0.0,0.0,191,141
2023-09-19,0,0,0,0,0,0,0,0,0,0,0,0,0,0,0,0,0,0,0,0,0,0,727,685,170,0,420661.0,80666.0,0.0,0.0,213,153
2023-09-20,0,0,0,0,0,0,0,0,0,0,0,0,0,0,0,0,0,0,0,0,0,0,643,710,188,0,358409.0,79474.0,0.0,0.0,240,175
2023-09-21,0,0,0,0,0,0,0,0,0,0,0,0,0,0,0,0,0,0,0,0,0,0,722,584,157,0,485730.0,78502.0,0.0,0.0,246,167
2023-09-22,0,0,0,0,0,0,0,0,0,0,0,0,0,0,0,0,0,0,0,0,0,0,759,524,200,0,447214.0,78514.0,0.0,0.0,201,152
2023-09-23,0,0,0,0,0,0,0,0,0,0,0,0,0,0,0,0,0,0,0,0,0,0,730,522,129,0,406663.0,76323.0,0.0,0.0,81,155
2023-09-24,0,0,0,0,0,0,0,0,0,0,0,0,0,0,0,0,0,0,0,0,0,0,687,483,159,0,447991.0,81522.0,0.0,0.0,105,155
2023-09-25,0,0,0,0,0,0,0,0,0,0,0,0,0,0,0,0,0,0,0,0,0,0,769,525,141,0,425630.0,83882.0,0.0,0.0,216,226
2023-09-26,0,0,0,0,0,0,0,0,0,0,0,0,0,0,0,0,0,0,0,0,0,0,709,507,116,0,404838.0,80613.0,0.0,0.0,212,182
2023-09-27,0,0,0,0,0,0,0,0,0,0,0,0,0,0,0,0,0,0,0,0,0,0,621,584,129,0,384827.0,79801.0,0.0,0.0,155,146
2023-09-28,0,0,0,0,0,0,0,0,0,0,0,0,0,0,0,0,0,0,0,0,0,0,576,574,99,0,353819.0,78496.0,0.0,0.0,95,152
2023-09-29,0,0,0,0,0,0,0,0,0,0,0,0,0,0,0,0,0,0,0,0,0,0,574,612,78,0,355150.0,76981.0,0.0,0.0,105,126
2023-09-30,0,0,0,0,0,0,0,0,0,0,0,0,0,0,0,0,0,0,0,0,0,0,592,21,110,0,374054.0,5642.0,0.0,0.0,59,131
2023-10-01,0,0,0,0,0,0,0,0,0,0,0,0,0,0,0,0,0,0,0,0,0,0,563,1,10,0,384304.0,0.0,0.0,0.0,44,122
2023-10-02,0,0,0,0,0,0,0,0,0,0,0,0,0,0,0,0,0,0,0,0,0,0,509,1,3,0,385768.0,0.0,0.0,0.0,148,100
2023-10-03,0,0,0,0,0,0,0,0,0,0,0,0,0,0,0,0,0,0,0,0,0,0,442,0,2,0,387076.0,0.0,0.0,0.0,130,151
2023-10-04,0,0,0,0,0,0,0,0,0,0,0,0,0,0,0,0,0,0,0,0,0,0,483,0,2,0,470853.0,0.0,0.0,0.0,153,234
2023-10-05,0,0,0,0,0,0,0,0,0,0,0,0,0,0,0,0,0,0,0,0,0,0,448,2,2,0,443189.0,0.0,0.0,0.0,191,167
2023-10-06,0,0,0,0,0,0,0,0,0,0,0,0,0,0,0,0,0,0,0,0,0,0,492,538,0,0,449413.0,99739.0,0.0,0.0,170,144
2023-10-07,0,0,0,0,0,0,0,0,0,0,0,0,0,0,0,0,0,0,0,0,0,0,442,953,3,0,406570.0,98910.0,0.0,0.0,107,126
2023-10-08,0,0,0,0,0,0,0,0,0,0,0,0,0,0,0,0,0,0,0,0,0,0,532,859,0,0,367864.0,82147.0,0.0,0.0,54,155
2023-10-09,0,0,1,0,0,0,0,0,0,0,0,0,0,0,0,0,0,0,0,0,0,0,499,853,10,0,327184.0,82753.0,0.0,0.0,81,112
2023-10-10,0,0,1,0,0,0,0,0,0,0,0,0,0,0,0,0,0,0,0,0,0,0,489,847,20,0,433449.0,80751.0,0.0,0.0,222,142
2023-10-11,0,0,1,0,0,0,0,0,0,0,0,0,0,0,0,0,0,0,0,0,0,0,403,764,10,0,361681.0,79690.0,0.0,0.0,247,142
2023-10-12,0,0,1,0,0,0,0,0,0,0,0,0,0,0,0,0,0,0,0,0,0,0,378,726,1,0,343305.0,78569.0,0.0,0.0,231,122
2023-10-13,0,0,1,0,0,0,0,0,0,0,0,0,0,0,0,0,0,0,0,0,0,0,390,683,3,0,391681.0,78597.0,0.0,0.0,216,130
2023-10-14,0,0,1,0,0,0,0,0,0,0,0,0,0,0,0,0,0,0,0,0,0,0,381,746,6,0,329540.0,77493.0,0.0,0.0,92,145
2023-10-15,0,0,1,0,0,0,0,0,0,0,0,0,0,0,0,0,0,0,0,0,0,0,347,790,11,0,388369.0,81977.0,0.0,0.0,84,151
2023-10-16,0,0,1,0,0,0,0,0,0,0,0,0,0,0,0,0,0,0,0,0,0,0,425,799,14,0,457768.0,87744.0,0.0,0.0,167,213
2023-10-17,0,0,1,0,0,0,0,0,0,0,0,0,0,0,0,0,0,0,0,0,0,0,368,771,13,0,443418.0,101767.0,0.0,0.0,243,174
2023-10-18,0,0,1,0,0,0,0,0,0,0,0,0,0,0,0,0,0,0,0,0,0,0,410,692,3,0,433098.0,104641.0,0.0,0.0,180,156
2023-10-19,0,0,1,0,0,0,0,0,0,0,0,0,0,0,0,0,0,0,0,0,0,0,388,762,9,0,414621.0,108961.0,0.0,0.0,211,182
2023-10-20,0,0,1,0,0,0,0,0,0,0,0,0,0,0,0,0,0,0,0,0,0,0,411,723,39,0,378233.0,109899.0,0.0,0.0,189,140
2023-10-21,0,0,1,0,0,0,0,0,0,0,0,0,0,0,0,0,0,0,0,0,0,0,409,747,79,0,393891.0,108232.0,73658.0,0.0,82,134
2023-10-22,0,0,1,0,0,0,0,0,0,0,0,0,0,0,0,0,0,0,0,0,0,0,427,804,33,0,390265.0,82751.0,49242.0,0.0,78,126
2023-10-23,0,0,0,0,0,0,0,0,0,0,0,0,0,0,0,0,0,0,0,0,0,0,412,907,29,0,366754.0,83118.0,28134.0,0.0,166,139
2023-10-24,0,0,0,0,0,0,0,0,0,0,0,0,0,0,0,0,0,0,0,0,0,0,417,939,44,0,353152.0,83384.0,29159.0,0.0,238,138
2023-10-25,0,0,0,0,0,0,0,0,0,0,0,0,0,0,0,0,0,0,0,0,0,0,435,788,30,0,323610.0,79550.0,26120.0,0.0,217,141
2023-10-26,0,0,0,0,0,0,0,0,0,0,0,0,0,0,0,0,0,0,0,0,0,0,347,788,25,0,329780.0,77752.0,28649.0,0.0,214,170
2023-10-27,0,0,0,0,0,0,0,0,0,0,0,0,0,0,0,0,0,0,0,0,0,0,412,744,28,0,348557.0,77107.0,28695.0,0.0,213,198
2023-10-28,0,0,0,0,0,0,0,0,0,0,0,0,0,0,0,0,0,0,0,0,0,0,405,695,26,0,374646.0,76338.0,27155.0,0.0,74,135
2023-10-29,0,0,0,0,0,0,0,0,0,0,0,0,0,0,0,0,0,0,0,0,0,0,302,724,26,0,380535.0,80181.0,28175.0,0.0,76,139
2023-10-30,0,0,0,0,0,0,0,0,0,0,0,0,0,0,0,0,0,0,0,0,0,0,356,43,29,0,336609.0,6756.0,17998.0,0.0,255,163
2023-10-31,0,0,0,0,0,0,0,0,0,0,0,0,0,0,0,0,0,0,0,0,0,0,303,2,9,0,279399.0,0.0,4895.0,0.0,176,129
2023-11-01,0,0,0,0,0,0,0,0,0,0,0,0,0,0,0,0,0,0,0,0,0,0,401,0,0,0,342063.0,0.0,0.0,0.0,194,159
2023-11-02,0,0,0,0,0,0,0,0,0,0,0,0,0,0,0,0,0,0,0,0,0,0,451,0,1,0,386663.0,0.0,0.0,0.0,210,169
2023-11-03,0,0,0,1,0,0,0,0,0,0,0,0,0,0,0,0,0,0,0,0,0,0,423,0,0,0,477196.0,0.0,0.0,0.0,174,202
2023-11-04,0,0,0,1,0,0,0,0,0,0,0,0,0,0,0,0,0,0,0,0,0,0,456,0,0,0,380970.0,0.0,0.0,0.0,83,177
2023-11-05,0,0,0,1,0,0,0,0,0,0,0,0,0,0,0,0,0,0,0,0,0,0,441,0,0,0,410169.0,0.0,0.0,0.0,69,161
2023-11-06,0,0,0,1,0,0,0,0,0,0,0,0,0,0,0,0,0,0,0,0,0,0,447,1,0,0,430050.0,0.0,0.0,0.0,247,174
2023-11-07,0,0,0,1,0,0,0,0,0,0,0,0,0,0,0,0,0,0,0,0,0,0,426,967,1,0,427212.0,99684.0,0.0,0.0,274,239
2023-11-08,0,0,0,1,0,0,0,0,0,0,0,0,0,0,0,0,0,0,0,0,0,0,428,1196,0,0,361473.0,98024.0,0.0,0.0,258,218
2023-11-09,0,0,0,1,0,0,0,0,0,0,0,0,0,0,0,0,0,0,0,0,0,0,389,1138,1,0,316781.0,98535.0,0.0,0.0,255,217
2023-11-10,0,0,0,1,0,0,0,0,0,0,0,0,0,0,0,0,0,0,0,0,0,0,380,1145,0,0,348527.0,98561.0,0.0,0.0,226,185
2023-11-11,0,0,0,1,0,0,0,0,0,0,0,0,0,0,0,0,0,0,0,0,0,0,380,1166,0,0,468314.0,98685.0,0.0,0.0,90,134
2023-11-12,0,0,0,1,0,0,0,0,0,0,0,0,0,0,0,0,0,0,0,0,0,0,411,975,1,0,452673.0,83484.0,0.0,0.0,92,169
2023-11-13,0,0,0,1,0,0,0,0,0,0,0,0,0,0,0,0,0,0,0,0,0,0,366,961,5,0,407634.0,83390.0,0.0,0.0,330,155
2023-11-14,0,0,0,1,0,0,0,0,0,0,0,0,0,0,0,0,0,0,0,0,0,0,418,982,0,0,430504.0,80947.0,0.0,0.0,289,216
2023-11-15,0,0,0,1,0,0,0,0,0,0,0,0,0,0,0,0,0,0,0,0,0,0,367,1036,0,0,392187.0,83288.0,0.0,0.0,240,184
2023-11-16,0,0,0,1,0,0,0,0,0,0,0,0,0,0,0,0,0,0,0,0,0,0,388,158,0,0,408973.0,58755.0,0.0,0.0,256,171
2023-11-17,0,0,0,1,0,0,0,0,0,0,0,0,0,0,0,0,0,0,0,0,0,0,392,135,0,0,366173.0,59010.0,0.0,0.0,187,239
2023-11-18,0,0,0,0,1,0,0,0,0,0,0,0,0,0,0,0,0,0,0,0,0,0,360,121,0,0,361350.0,57387.0,0.0,0.0,104,193
2023-11-19,0,0,0,0,1,0,0,0,0,0,0,0,0,0,0,0,0,0,0,0,0,0,397,147,0,0,373093.0,61182.0,0.0,0.0,82,188
2023-11-20,0,0,0,0,1,0,0,0,0,0,0,0,0,0,0,0,0,0,0,0,0,0,412,148,80,0,386724.0,62480.0,41273.0,0.0,303,214
2023-11-21,0,0,0,0,1,0,0,0,0,0,0,0,0,0,0,0,0,0,0,0,0,0,382,128,90,0,376296.0,60946.0,57327.0,0.0,287,217
2023-11-22,0,0,0,0,1,0,0,0,0,0,0,0,0,0,0,0,0,0,0,0,0,0,335,293,159,0,298205.0,68818.0,62894.0,0.0,300,185
2023-11-23,0,0,0,0,1,0,0,0,0,0,0,0,0,0,0,0,0,0,0,0,0,0,381,1022,597,0,390714.0,99300.0,162624.0,0.0,326,209
2023-11-24,0,0,0,0,1,0,0,0,0,0,0,0,0,0,0,0,0,0,0,0,0,0,349,922,463,0,405460.0,99182.0,162216.0,0.0,270,189
2023-11-25,0,0,0,0,1,0,0,0,0,0,0,0,0,0,0,0,0,0,0,0,0,0,314,852,406,0,356661.0,97852.0,161308.0,0.0,109,184
2023-11-26,0,0,0,0,1,0,0,0,0,0,0,0,0,0,0,0,0,0,0,0,0,0,293,878,347,0,314634.0,102244.0,143969.0,0.0,103,186
2023-11-27,0,0,0,0,1,0,0,0,0,0,0,0,0,0,0,0,0,0,0,0,0,0,311,987,317,0,302406.0,101790.0,141806.0,0.0,327,181
2023-11-28,0,0,0,0,1,0,0,0,0,0,0,0,0,0,0,0,0,0,0,0,0,0,273,710,267,0,284001.0,97749.0,120155.0,0.0,263,161
2023-11-29,0,0,0,0,1,0,0,0,0,0,0,0,0,0,0,0,0,0,0,0,0,0,382,852,287,0,295219.0,45027.0,115482.0,0.0,227,199
2023-11-30,0,0,0,0,1,0,0,0,0,0,0,0,0,0,0,0,0,0,0,0,0,0,328,645,284,0,262447.0,28477.0,118441.0,0.0,353,171
2023-12-01,0,0,0,0,0,0,0,0,0,0,0,0,0,0,0,0,0,0,0,0,0,0,290,1,7,0,315377.0,0.0,0.0,0.0,268,147
2023-12-02,0,0,0,0,0,0,0,0,0,0,0,0,0,0,0,0,0,0,0,0,0,0,356,0,14,0,304053.0,0.0,0.0,0.0,126,151
2023-12-03,0,0,0,0,0,0,0,0,0,0,0,0,0,0,0,0,0,0,0,0,0,0,385,0,10,0,302892.0,0.0,0.0,0.0,104,131
2023-12-04,0,0,0,0,0,0,0,0,0,0,0,0,0,0,0,0,0,0,0,0,0,0,434,2,5,0,344809.0,0.0,0.0,0.0,370,171
2023-12-05,0,0,0,0,0,0,0,0,0,0,0,0,0,0,0,0,0,0,0,0,0,0,451,0,2,0,324475.0,0.0,0.0,0.0,346,179
2023-12-06,0,0,0,0,0,0,0,0,0,0,0,0,0,0,0,0,0,0,0,0,0,0,467,0,3,0,320385.0,0.0,0.0,0.0,383,185
2023-12-07,0,0,0,0,0,0,0,0,0,0,0,0,0,0,0,0,0,0,0,0,0,0,434,1,3,0,318192.0,0.0,0.0,0.0,366,170
2023-12-08,0,0,0,0,0,1,0,0,0,0,0,0,0,0,0,0,0,0,0,0,0,0,398,8,4,0,328853.0,50000.0,0.0,0.0,327,160
2023-12-09,0,0,0,0,0,1,0,0,0,0,0,0,0,0,0,0,0,0,0,0,0,0,351,23,3,0,289812.0,49390.0,0.0,0.0,112,153
2023-12-10,0,0,0,0,0,1,0,0,0,0,0,0,0,0,0,0,0,0,0,0,0,0,377,13,1,0,374476.0,41923.0,0.0,0.0,100,140
2023-12-11,0,0,0,0,0,1,0,0,0,0,0,0,0,0,0,0,0,0,0,0,0,0,380,15,0,0,344936.0,41272.0,0.0,0.0,378,151
2023-12-12,0,0,0,0,0,1,0,0,0,0,0,0,0,0,0,0,0,0,0,0,0,0,379,13,124,0,331243.0,39644.0,40694.0,0.0,437,167
2023-12-13,0,0,0,0,0,1,0,0,0,0,0,0,0,0,0,0,0,0,0,0,0,0,356,10,158,0,349368.0,39878.0,60381.0,0.0,332,157
2023-12-14,0,0,0,0,0,1,0,0,0,0,0,0,0,0,0,0,0,0,0,0,0,0,364,793,194,0,341055.0,63582.0,91206.0,0.0,447,150
2023-12-15,0,0,0,0,0,1,0,0,0,0,0,0,0,0,0,0,0,0,0,0,0,0,338,684,350,0,332672.0,64392.0,140037.0,0.0,209,158
2023-12-16,0,0,0,0,0,1,0,0,0,0,0,0,0,0,0,0,0,0,0,0,0,0,339,646,342,0,311584.0,62782.0,127682.0,0.0,106,138
2023-12-17,0,0,0,0,0,1,0,0,0,0,0,0,0,0,0,0,0,0,0,0,0,0,325,547,299,0,356869.0,62148.0,122786.0,0.0,89,146
2023-12-18,0,0,0,0,0,1,0,0,0,0,0,0,0,0,0,0,0,0,0,0,0,0,397,527,329,0,379444.0,62600.0,131657.0,0.0,391,157
2023-12-19,0,0,0,0,0,1,0,0,0,0,0,0,0,0,0,0,0,0,0,0,0,0,383,463,292,0,361517.0,60880.0,116436.0,0.0,347,144
2023-12-20,0,0,0,0,0,1,0,0,0,0,0,0,0,0,0,0,0,0,0,0,0,0,352,477,250,0,363561.0,59298.0,116455.0,0.0,379,144
2023-12-21,0,0,0,0,0,1,0,0,0,0,0,0,0,0,0,0,0,0,0,0,0,0,351,473,234,0,414016.0,58768.0,122938.0,0.0,300,144
2023-12-22,0,0,0,0,0,1,0,0,0,0,0,0,0,0,0,0,0,0,0,0,0,0,357,442,243,0,456801.0,59179.0,168159.0,0.0,317,134
2023-12-23,0,0,0,0,0,1,0,0,0,0,0,0,0,0,0,0,0,0,0,0,0,0,324,393,207,0,430787.0,57127.0,161384.0,0.0,122,110
2023-12-24,0,0,0,0,0,1,0,0,0,0,0,0,0,0,0,0,0,0,0,0,0,0,301,438,280,0,447216.0,84961.0,184397.0,0.0,68,110
2023-12-25,0,0,0,0,0,1,0,0,0,0,0,0,0,0,0,0,0,0,0,0,0,0,283,452,233,0,405336.0,89442.0,166595.0,0.0,64,99
2023-12-26,0,0,0,0,0,0,0,0,0,0,0,0,0,0,0,0,0,0,0,0,0,0,410,438,251,0,429501.0,86388.0,175720.0,0.0,369,135
2023-12-27,0,0,0,0,0,0,0,0,0,0,0,0,0,0,0,0,0,0,0,0,0,0,381,387,214,0,450429.0,84459.0,165537.0,0.0,342,155
2023-12-28,0,0,0,0,0,0,0,0,0,0,0,0,0,0,0,0,0,0,0,0,0,0,386,400,282,0,417519.0,82958.0,177715.0,0.0,359,172
2023-12-29,0,0,0,0,0,0,0,0,0,0,0,0,0,0,0,0,0,0,0,0,0,0,381,426,218,0,407142.0,82983.0,154667.0,0.0,322,176
2023-12-30,0,0,0,0,0,0,0,0,0,0,0,0,0,0,0,0,0,0,0,0,0,0,411,420,243,0,417666.0,80414.0,164934.0,0.0,116,141
2023-12-31,0,0,0,0,0,0,0,0,0,0,0,0,0,0,0,0,0,0,0,0,0,0,366,324,250,0,383424.0,39740.0,168662.0,0.0,92,122
2024-01-01,0,0,0,0,0,0,0,0,0,0,0,0,0,0,0,0,0,0,0,0,0,0,426,0,2,0,398382.0,24435.0,50007.0,0.0,87,139
2024-01-02,0,0,0,0,0,0,0,0,0,0,0,0,0,0,0,0,0,0,0,0,0,0,514,0,2,0,389880.0,0.0,50077.0,0.0,376,168
2024-01-03,0,0,0,0,0,0,0,0,0,0,0,0,0,0,0,0,0,0,0,0,0,0,446,0,1,0,360897.0,0.0,6861.0,0.0,392,205
2024-01-04,0,0,0,0,0,0,0,0,0,0,0,0,0,0,0,0,0,0,0,0,0,0,475,0,3,0,427069.0,0.0,32384.0,0.0,405,196
2024-01-05,0,0,0,0,0,0,0,0,0,0,0,0,0,0,0,0,0,0,0,0,0,0,450,5,1,0,377817.0,25000.0,43516.0,0.0,346,167
2024-01-06,0,0,0,0,0,0,0,0,0,0,0,0,0,0,0,0,0,0,0,0,0,0,474,7,3,0,372267.0,24996.0,63726.0,0.0,146,151
2024-01-07,0,0,0,0,0,0,0,0,0,0,0,0,0,0,0,0,0,0,0,0,0,0,431,10,1,0,400072.0,20459.0,64721.0,0.0,109,172
2024-01-08,0,0,0,0,0,0,0,0,0,0,0,0,0,0,0,0,0,0,0,0,0,0,429,14,1,0,387856.0,20586.0,12155.0,0.0,310,169
2024-01-09,0,0,0,0,0,0,0,0,0,0,0,0,0,0,0,0,0,0,0,0,0,0,351,7,2,0,293418.0,20191.0,30000.0,0.0,333,154
2024-01-10,0,0,0,0,0,0,0,0,0,0,0,0,0,0,0,0,0,0,0,0,0,0,186,4,2,0,168555.0,20790.0,0.0,0.0,307,147
2024-01-11,0,0,0,0,0,0,0,0,0,0,0,0,0,0,0,0,0,0,0,0,0,0,259,7,2,0,171569.0,20149.0,0.0,0.0,313,162
2024-01-12,0,0,0,0,0,0,0,0,0,0,0,0,0,0,0,0,0,0,0,0,0,0,193,3,0,0,158185.0,19688.0,0.0,0.0,253,162
2024-01-13,0,0,0,0,0,0,0,0,0,0,0,0,0,0,0,0,0,0,0,0,0,0,152,3,1,0,163383.0,18137.0,0.0,0.0,116,139
2024-01-14,0,0,0,0,0,0,0,0,0,0,0,0,0,0,0,0,0,0,0,0,0,0,230,3,0,0,188341.0,21170.0,0.0,0.0,127,147
2024-01-15,0,0,0,0,0,0,0,0,0,0,0,0,0,0,0,0,0,0,0,0,0,0,191,5,3,0,170790.0,45802.0,0.0,0.0,349,172
2024-01-16,0,0,0,0,0,0,0,0,0,0,0,0,0,0,0,0,0,0,0,0,0,0,184,8,102,0,174499.0,44107.0,37394.0,0.0,330,181
2024-01-17,0,0,0,0,0,0,0,0,0,0,0,0,0,0,0,0,0,0,0,0,0,0,194,8,197,0,169197.0,43365.0,82624.0,0.0,329,182
2024-01-18,0,0,0,0,0,0,0,0,0,0,0,0,0,0,0,0,0,0,0,0,0,0,217,7,179,0,159586.0,42790.0,81501.0,0.0,288,163
2024-01-19,0,0,0,0,0,0,0,0,0,0,0,0,0,0,0,0,0,0,0,0,0,0,208,7,65,0,157115.0,42399.0,19768.0,0.0,261,144
2024-01-20,0,0,0,0,0,0,0,0,0,0,0,0,0,0,0,0,0,0,0,0,0,0,72,0,0,0,102724.0,40367.0,0.0,0.0,112,155
2024-01-21,0,0,0,0,0,0,0,0,0,0,0,0,0,0,0,0,0,0,0,0,0,0,91,2,0,0,81825.0,41945.0,0.0,0.0,125,139
2024-01-22,0,0,0,0,0,0,0,0,0,0,0,0,0,0,0,0,0,0,0,0,0,0,129,1,14,0,83749.0,47269.0,2610.0,0.0,309,191
2024-01-23,0,0,0,0,0,0,0,0,0,0,0,0,0,0,0,0,0,0,0,0,0,0,129,4,33,0,107352.0,61912.0,12458.0,0.0,268,131
2024-01-24,0,0,0,0,0,0,0,0,0,0,0,0,0,0,0,0,0,0,0,0,0,0,116,2,34,0,61653.0,63108.0,28566.0,0.0,322,142
2024-01-25,0,0,0,0,0,0,0,0,0,0,0,0,0,0,0,0,0,0,0,0,0,0,109,1,21,0,108558.0,75716.0,10633.0,0.0,289,122
2024-01-26,0,0,0,0,0,0,0,0,0,0,0,0,0,0,0,0,0,0,0,0,0,0,110,4,15,0,82326.0,65601.0,11734.0,0.0,262,142
2024-01-27,0,0,0,0,0,0,0,0,0,0,0,0,0,0,0,0,0,0,0,0,0,0,74,1,18,0,73377.0,31254.0,10708.0,0.0,112,134
2024-01-28,0,0,0,0,0,0,0,0,0,0,0,0,0,0,0,0,0,0,0,0,0,0,70,0,30,0,53034.0,36227.0,11189.0,0.0,102,153
2024-01-29,0,0,0,0,0,0,0,0,0,0,0,0,0,0,0,0,0,0,0,0,0,0,67,0,25,0,71382.0,30694.0,16747.0,0.0,329,148
2024-01-30,0,0,0,0,0,0,0,0,0,0,0,0,0,0,0,0,0,0,0,0,0,0,96,1,19,0,94383.0,14889.0,47774.0,0.0,316,139
2024-01-31,0,0,0,0,0,0,0,0,0,0,0,0,0,0,0,0,0,0,0,0,0,0,96,1,13,0,75751.0,5164.0,45473.0,0.0,296,183
2024-02-01,0,0,0,0,0,0,0,0,0,0,0,0,0,0,0,0,0,0,0,0,0,0,102,0,1,0,97755.0,5104.0,0.0,0.0,274,132
2024-02-02,0,0,0,0,0,0,0,0,0,0,0,0,0,0,0,0,0,0,0,0,0,0,122,0,1,0,104975.0,0.0,0.0,0.0,241,128
2024-02-03,0,0,0,0,0,0,0,0,0,0,0,0,0,0,0,0,0,0,0,0,0,0,86,0,0,0,98920.0,0.0,0.0,0.0,121,119
2024-02-04,0,0,0,0,0,0,0,0,0,0,0,0,0,0,0,0,0,0,0,0,0,0,74,0,0,0,94348.0,0.0,0.0,0.0,93,136
2024-02-05,0,0,0,0,0,0,0,0,0,0,0,0,0,0,0,0,0,0,0,0,0,0,125,0,0,0,92534.0,0.0,0.0,0.0,328,139
2024-02-06,0,0,0,0,0,0,0,0,0,0,0,0,0,0,0,0,0,0,0,0,0,0,161,0,2,0,81936.0,0.0,0.0,0.0,246,163
2024-02-07,0,0,0,0,0,0,0,0,0,0,0,0,0,0,0,0,0,0,0,0,0,0,173,0,1,0,100066.0,0.0,0.0,0.0,316,128
2024-02-08,0,0,0,0,0,0,0,0,0,0,0,0,0,0,0,0,0,0,0,0,0,0,125,0,1,0,87003.0,0.0,0.0,0.0,207,132
2024-02-09,0,0,0,0,0,0,0,0,0,0,0,0,0,0,0,0,0,0,0,0,0,0,122,0,1,0,78070.0,0.0,0.0,0.0,137,117
2024-02-10,0,0,0,0,0,0,0,0,0,0,0,0,0,0,0,0,0,0,0,0,0,0,112,0,0,0,66003.0,0.0,0.0,0.0,93,105
2024-02-11,0,0,0,0,0,0,0,0,0,0,0,0,0,0,0,0,0,0,0,0,0,0,68,2,0,0,71456.0,0.0,0.0,0.0,114,112
2024-02-12,0,0,0,0,0,0,0,0,0,0,0,0,0,0,0,0,0,0,0,0,0,0,94,0,0,0,91767.0,0.0,0.0,0.0,53,103
2024-02-13,0,0,0,0,0,0,0,0,0,0,0,0,0,0,0,0,0,0,0,0,0,0,128,0,0,0,104287.0,0.0,0.0,0.0,219,103
2024-02-14,0,0,0,0,0,0,0,0,0,0,0,0,0,0,0,0,0,0,0,0,0,0,163,0,0,0,97596.0,1771.0,195.0,0.0,286,130
2024-02-15,0,0,0,0,0,0,0,0,0,0,0,0,0,0,0,0,0,0,0,0,0,0,142,0,0,0,94097.0,20102.0,23136.0,0.0,310,125
2024-02-16,0,0,0,0,0,0,0,0,0,0,0,0,0,0,0,0,0,0,0,0,0,0,128,0,0,0,87342.0,30024.0,24984.0,0.0,313,169
2024-02-17,0,0,0,0,0,0,0,0,0,0,0,0,0,0,0,0,0,0,0,0,0,0,124,0,0,0,84717.0,40190.0,24962.0,0.0,115,212
2024-02-18,0,0,0,0,0,0,0,0,0,0,0,0,0,0,0,0,0,0,0,0,0,0,122,0,0,0,86745.0,41414.0,21398.0,0.0,93,141
2024-02-19,0,0,0,0,0,0,0,0,0,0,0,0,0,0,0,0,0,0,0,0,0,0,128,0,0,0,84237.0,41751.0,9799.0,0.0,343,195
2024-02-20,0,0,0,0,0,0,0,0,0,0,0,0,0,0,0,0,0,0,0,0,0,0,123,0,0,0,60518.0,40557.0,0.0,0.0,291,143
2024-02-21,0,0,0,0,0,0,0,0,0,0,0,0,0,0,0,0,0,0,0,0,0,0,87,0,0,0,57985.0,39767.0,0.0,0.0,272,167
2024-02-22,0,0,0,0,0,0,0,0,0,0,0,0,0,0,0,0,0,0,0,0,0,0,122,0,0,0,78156.0,39122.0,0.0,0.0,265,166
2024-02-23,0,0,0,0,0,0,0,0,0,0,0,0,0,0,0,0,0,0,0,0,0,0,178,0,0,0,111341.0,35361.0,0.0,0.0,275,128
2024-02-24,0,0,0,0,0,0,0,0,0,0,0,0,0,0,0,0,0,0,0,0,0,0,138,0,0,0,90953.0,38805.0,0.0,0.0,106,121
2024-02-25,0,0,0,0,0,0,0,0,0,0,0,0,0,0,0,0,0,0,0,0,0,0,105,0,0,0,91394.0,36791.0,0.0,0.0,111,137
2024-02-26,0,0,0,0,0,0,0,0,0,0,0,0,0,0,0,0,0,0,0,0,0,0,127,0,0,0,80717.0,17546.0,0.0,0.0,320,150
2024-02-27,0,0,0,0,0,0,0,0,0,0,0,0,0,0,0,0,0,0,0,0,0,0,181,0,0,0,88989.0,22651.0,0.0,0.0,286,151
2024-02-28,0,0,0,0,0,0,0,0,0,0,0,0,0,0,0,0,0,0,0,0,0,0,154,0,0,0,75526.0,20508.0,0.0,0.0,281,133
2024-02-29,0,0,0,0,0,0,0,0,0,0,0,0,0,0,0,0,0,0,0,0,0,0,158,0,1,0,61642.0,0.0,0.0,0.0,288,118
2024-03-01,0,0,0,0,0,0,0,0,0,0,0,0,0,0,0,0,0,0,0,0,0,0,112,0,0,0,69959.0,0.0,0.0,0.0,144,102
2024-03-02,0,0,0,0,0,0,0,0,0,0,0,0,0,0,0,0,0,0,0,0,0,0,96,0,0,0,74657.0,0.0,0.0,0.0,116,117
2024-03-03,0,0,0,0,0,0,0,0,0,0,0,0,0,0,0,0,0,0,0,0,0,0,111,0,0,0,81776.0,0.0,0.0,0.0,107,123
2024-03-04,0,0,0,0,0,0,0,0,0,0,0,0,0,0,0,0,0,0,0,0,0,0,168,0,0,0,110129.0,1200.0,1829.0,0.0,327,172
2024-03-05,0,0,0,0,0,0,0,0,0,0,0,0,0,0,0,0,0,0,0,0,0,0,153,0,0,0,102556.0,31947.0,37500.0,0.0,336,119
2024-03-06,0,0,0,0,0,0,0,0,0,0,0,0,0,0,0,0,0,0,0,0,0,0,140,0,0,0,75304.0,30642.0,37500.0,0.0,275,106
2024-03-07,0,0,0,0,0,0,0,0,0,0,0,0,0,0,0,0,0,0,0,0,0,0,95,0,0,0,72909.0,30201.0,37498.0,0.0,305,148
2024-03-08,0,0,0,0,0,0,0,0,0,0,0,0,0,0,0,0,0,0,0,0,0,0,133,0,0,0,100825.0,9856.0,35673.0,0.0,218,104
2024-03-09,0,0,0,0,0,0,0,0,0,0,0,0,0,0,0,0,0,0,0,0,0,0,99,0,0,0,85424.0,9293.0,0.0,0.0,105,150
2024-03-10,0,0,0,0,0,0,0,0,0,0,0,0,0,0,0,0,0,0,0,0,0,0,109,0,0,0,84813.0,10438.0,0.0,0.0,125,153
2024-03-11,0,0,0,0,0,0,0,0,0,0,0,0,0,0,0,0,0,0,0,0,0,0,110,0,0,0,64666.0,29200.0,0.0,0.0,292,136
2024-03-12,0,0,0,0,0,0,0,0,0,0,0,0,0,0,0,0,0,0,0,0,0,0,107,8,0,3,94537.0,41926.0,16706.0,0.0,263,128
2024-03-13,0,0,0,0,0,0,0,0,0,0,0,0,0,0,0,0,0,0,0,0,0,0,126,9,0,0,86328.0,39756.0,13619.0,0.0,207,145
2024-03-14,0,0,0,0,0,0,0,0,0,0,0,0,0,0,0,0,0,0,0,0,0,0,115,4,0,1,85605.0,24274.0,13822.0,0.0,241,149
2024-03-15,0,0,0,0,0,0,0,0,0,0,0,0,0,0,0,0,0,0,0,0,0,0,111,4,0,0,83956.0,25574.0,15058.0,0.0,255,158
2024-03-16,0,0,0,0,0,0,0,0,0,0,0,0,0,0,0,0,0,0,0,0,0,0,104,0,0,1,78166.0,23412.0,13464.0,0.0,89,102
2024-03-17,0,0,0,0,0,0,0,0,0,0,0,0,0,0,0,0,0,0,0,0,0,0,105,0,0,0,86705.0,10331.0,15456.0,0.0,120,152
2024-03-18,0,0,0,0,0,0,0,0,0,0,0,0,0,0,0,0,0,0,0,0,0,0,138,11,0,2,80833.0,10409.0,14656.0,0.0,289,152
2024-03-19,0,0,0,0,0,0,0,0,0,0,0,0,0,0,0,0,0,0,0,0,0,0,143,5,1,3,81786.0,10432.0,14665.0,0.0,261,128
2024-03-20,0,0,0,0,0,0,0,0,0,0,0,0,0,0,0,0,0,0,0,0,0,0,130,8,0,1,69179.0,10695.0,15100.0,0.0,216,142
2024-03-21,0,0,0,0,0,0,0,0,0,0,0,0,0,0,0,0,0,0,0,0,0,0,163,0,0,4,74765.0,9579.0,13114.0,0.0,258,143
2024-03-22,0,0,0,0,0,0,0,0,0,0,0,0,0,0,0,0,0,0,0,0,0,0,157,3,0,1,99465.0,9671.0,15939.0,0.0,241,147
2024-03-23,0,0,0,0,0,0,0,0,0,0,0,0,0,0,0,0,0,0,0,0,0,0,107,1,0,2,75587.0,8883.0,12966.0,0.0,100,123
2024-03-24,0,0,0,0,0,0,0,0,0,0,0,0,0,0,0,0,0,0,0,0,0,0,117,1,0,0,63115.0,10550.0,14358.0,0.0,64,130
2024-03-25,0,0,0,0,0,0,0,0,0,0,0,0,0,0,0,0,0,0,0,0,0,0,109,2,1,1,80632.0,10405.0,11077.0,0.0,272,164
2024-03-26,0,0,0,0,0,0,0,0,0,0,0,0,0,0,0,0,0,0,0,0,0,0,116,3,1,0,89195.0,10253.0,0.0,0.0,288,128
2024-03-27,0,0,0,0,0,0,0,0,0,0,0,0,0,0,0,0,0,0,0,0,0,0,104,2,1,2,84120.0,10111.0,0.0,0.0,259,141
2024-03-28,0,0,0,0,0,0,0,0,0,0,0,0,0,0,0,0,0,0,0,0,0,0,130,1,1,5,78809.0,9933.0,0.0,0.0,242,149
2024-03-29,0,0,0,0,0,0,0,0,0,0,0,0,0,0,0,0,0,0,0,0,0,0,121,5,0,4,76950.0,9756.0,0.0,0.0,243,147
2024-03-30,0,0,0,0,0,0,0,0,0,0,0,0,0,0,0,0,0,0,0,0,0,0,114,2,0,0,77852.0,8992.0,0.0,0.0,131,109
2024-03-31,0,0,0,0,0,0,0,0,0,0,0,0,0,0,0,0,0,0,0,0,0,0,99,1,0,0,60377.0,0.0,0.0,0.0,162,138
2024-04-01,0,0,0,0,0,0,0,0,0,0,0,0,0,0,0,0,0,0,0,0,0,0,126,7,0,0,78827.0,0.0,0.0,0.0,294,166
2024-04-02,0,0,0,0,0,0,0,0,0,0,0,0,0,0,0,0,0,0,0,0,0,0,145,6,1,0,81162.0,0.0,0.0,0.0,294,149
2024-04-03,0,0,0,0,0,0,0,0,0,0,0,0,0,0,0,0,0,0,0,0,0,0,124,8,0,0,76552.0,0.0,0.0,0.0,320,148
2024-04-04,0,0,0,0,0,0,0,0,0,0,0,0,0,0,0,0,0,0,0,0,0,0,122,5,0,1,70305.0,0.0,0.0,0.0,340,147
2024-04-05,0,0,0,0,0,0,0,0,0,0,0,0,0,0,0,0,0,0,0,0,0,0,139,9,1,3,102062.0,12500.0,0.0,0.0,248,163
2024-04-06,0,0,0,0,0,0,0,0,0,0,0,0,0,0,0,0,0,0,0,0,0,0,114,2,0,2,108996.0,12456.0,0.0,0.0,118,155
2024-04-07,0,0,0,0,0,0,0,0,0,0,0,0,0,0,0,0,0,0,0,0,0,0,112,1,0,1,97147.0,10443.0,0.0,0.0,97,135
2024-04-08,0,0,0,0,0,0,1,0,0,0,0,0,0,0,0,0,0,0,0,0,0,0,118,6,8,10,90674.0,10410.0,24260.0,0.0,353,159
2024-04-09,0,0,0,0,0,0,1,0,0,0,0,0,0,0,0,0,0,0,0,0,0,0,98,74,37,1,90453.0,37026.0,39023.0,0.0,297,147
2024-04-10,0,0,0,0,0,0,1,0,0,0,0,0,0,0,0,0,0,0,0,0,0,0,67,4,11,4,88583.0,58375.0,39926.0,0.0,178,133
2024-04-11,0,0,0,0,0,0,1,0,0,0,0,0,0,0,0,0,0,0,0,0,0,0,108,12,5,11,85023.0,58657.0,31049.0,0.0,302,133
2024-04-12,0,0,0,0,0,0,1,0,0,0,0,0,0,0,0,0,0,0,0,0,0,0,107,9,5,6,79089.0,50987.0,32394.0,0.0,280,182
2024-04-13,0,0,0,0,0,0,1,0,0,0,0,0,0,0,0,0,0,0,0,0,0,0,82,6,1,3,76907.0,50916.0,2466.0,0.0,188,127
2024-04-14,0,0,0,0,0,0,1,0,0,0,0,0,0,0,0,0,0,0,0,0,0,0,83,1,0,4,72323.0,0.0,1185.0,0.0,164,123
2024-04-15,0,0,0,0,0,0,0,0,0,0,0,0,0,0,0,0,0,0,0,0,0,0,112,5,0,4,97173.0,0.0,0.0,0.0,378,135
2024-04-16,0,0,0,0,0,0,0,0,0,0,0,0,0,0,0,0,0,0,0,0,0,0,98,1,0,7,91942.0,0.0,0.0,0.0,309,156
2024-04-17,0,0,0,0,0,0,0,0,0,0,0,0,0,0,0,0,0,0,0,0,0,0,92,4,0,3,84806.0,0.0,0.0,0.0,296,121
2024-04-18,0,0,0,0,0,0,0,0,0,0,0,0,0,0,0,0,0,0,0,0,0,0,96,1,0,3,89277.0,0.0,0.0,0.0,307,132
2024-04-19,0,0,0,0,0,0,0,0,0,0,0,0,0,0,0,0,0,0,0,0,0,0,99,0,0,1,82511.0,0.0,0.0,0.0,256,134
2024-04-20,0,0,0,0,0,0,0,0,0,0,0,0,0,0,0,0,0,0,0,0,0,0,92,0,0,0,82443.0,0.0,0.0,0.0,98,111
2024-04-21,0,0,0,0,0,0,0,0,0,0,0,0,0,0,0,0,0,0,0,0,0,0,85,2,0,0,82816.0,0.0,0.0,0.0,110,147
2024-04-22,0,0,0,0,0,0,0,0,0,0,0,0,0,0,0,0,0,0,0,0,0,0,164,1,0,1,84340.0,0.0,0.0,0.0,213,178
2024-04-23,0,0,0,0,0,0,0,0,0,0,0,0,0,0,0,0,0,0,0,0,0,0,123,1,1,4,74371.0,0.0,0.0,0.0,224,152
2024-04-24,0,0,0,0,0,0,0,0,0,0,0,0,0,0,0,0,0,0,0,0,0,0,141,2,0,1,74854.0,78.0,30524.0,0.0,291,121
2024-04-25,0,0,0,0,0,0,0,0,0,0,0,0,0,0,0,0,0,0,0,0,0,0,110,1,0,5,67088.0,16039.0,73068.0,0.0,243,137
2024-04-26,0,0,0,0,0,0,0,0,0,0,0,0,0,0,0,0,0,0,0,0,0,0,147,1,0,8,79983.0,15411.0,36969.0,0.0,202,172
2024-04-27,0,0,0,0,0,0,0,0,0,0,0,0,0,0,0,0,0,0,0,0,0,0,153,3,1,3,97694.0,14492.0,37291.0,24605.0,93,113
2024-04-28,0,0,0,0,0,0,0,0,0,0,0,0,0,0,0,0,0,0,0,0,0,0,122,0,0,0,82464.0,15316.0,0.0,24605.0,104,117
2024-04-29,0,0,0,0,0,0,0,1,0,0,0,0,0,0,0,0,0,0,0,0,0,0,116,0,0,3,74115.0,15159.0,0.0,0.0,261,125
2024-04-30,0,0,0,0,0,0,0,1,0,0,0,0,0,0,0,0,0,0,0,0,0,0,129,0,0,1,67069.0,10222.0,0.0,20605.0,274,122
2024-05-01,0,0,0,0,0,0,0,1,0,0,0,0,0,0,0,0,0,0,0,0,0,0,131,0,0,0,77760.0,0.0,0.0,19212.0,140,148
2024-05-02,0,0,0,0,0,0,0,1,0,0,0,0,0,0,0,0,0,0,0,0,0,0,150,3,0,4,97087.0,0.0,0.0,20143.0,289,143
2024-05-03,0,0,0,0,0,0,0,1,0,0,0,0,0,0,0,0,0,0,0,0,0,0,163,8,0,1,91547.0,0.0,0.0,20496.0,298,131
2024-05-04,0,0,0,0,0,0,0,1,0,0,0,0,0,0,0,0,0,0,0,0,0,0,114,5,0,1,85117.0,0.0,0.0,20554.0,124,135
2024-05-05,0,0,0,0,0,0,0,1,0,0,0,0,0,0,0,0,0,0,0,0,0,0,100,2,0,0,84515.0,0.0,0.0,20554.0,90,117
2024-05-06,0,0,0,0,0,0,0,1,0,0,0,0,0,0,0,0,0,0,0,0,0,0,147,8,0,1,83973.0,0.0,0.0,20332.0,165,126
2024-05-07,0,0,0,0,0,0,0,1,1,0,0,0,0,0,0,0,0,0,0,0,0,0,155,7,0,3,85492.0,0.0,0.0,20443.0,330,119
2024-05-08,0,0,0,0,0,0,0,1,1,0,0,0,0,0,0,0,0,0,0,0,0,0,146,1,0,1,89643.0,57494.0,32111.0,73776.0,283,120
2024-05-09,0,0,0,0,0,0,0,1,1,0,0,0,0,0,0,0,0,0,0,0,0,0,152,0,3,1,78378.0,63089.0,27889.0,90214.0,283,118
2024-05-10,0,0,0,0,0,0,0,1,1,0,0,0,0,0,0,0,0,0,0,0,0,0,144,1,3,0,76425.0,0.0,0.0,20650.0,284,130
2024-05-11,0,0,0,0,0,0,0,1,1,0,0,0,0,0,0,0,0,0,0,0,0,0,154,1,1,2,77125.0,0.0,0.0,20601.0,118,164
2024-05-12,0,0,0,0,0,0,0,1,1,0,0,0,0,0,0,0,0,0,0,0,0,0,110,0,0,0,66821.0,0.0,0.0,20485.0,104,111
2024-05-13,0,0,0,0,0,0,0,1,1,0,0,0,0,0,0,0,0,0,0,0,0,0,109,2,0,2,84568.0,0.0,0.0,0.0,260,147
2024-05-14,0,0,0,0,0,0,0,0,1,0,0,0,0,0,0,0,0,0,0,0,0,0,184,1,0,4,156836.0,0.0,0.0,0.0,321,164
2024-05-15,0,0,0,0,0,0,0,0,1,0,0,0,0,0,0,0,0,0,0,0,0,0,230,0,0,1,165672.0,0.0,0.0,0.0,149,132
2024-05-16,0,0,0,0,0,0,0,0,1,0,0,0,0,0,0,0,0,0,0,0,0,0,343,0,0,2,173246.0,0.0,0.0,0.0,308,136
2024-05-17,0,0,0,0,0,0,0,0,1,0,0,0,0,0,0,0,0,0,0,0,0,0,244,1,0,1,197590.0,0.0,0.0,0.0,261,117
2024-05-18,0,0,0,0,0,0,0,0,1,0,0,0,0,0,0,0,0,0,0,0,0,0,176,0,0,0,177196.0,0.0,0.0,0.0,104,107
2024-05-19,0,0,0,0,0,0,0,0,1,0,0,0,0,0,0,0,0,0,0,0,0,0,213,2,0,0,174706.0,0.0,0.0,0.0,101,124
2024-05-20,0,0,0,0,0,0,0,0,1,1,0,0,0,0,0,0,0,0,0,0,0,0,242,1,0,3,210753.0,4745.0,30392.0,0.0,327,140
2024-05-21,0,0,0,0,0,0,0,0,1,1,0,0,0,0,0,0,0,0,0,0,0,0,280,1,0,0,232299.0,34967.0,29780.0,0.0,319,146
2024-05-22,0,0,0,0,0,0,0,0,1,1,0,0,0,0,0,0,0,0,0,0,0,0,401,1,0,0,219463.0,42027.0,29798.0,0.0,260,145
2024-05-23,0,0,0,0,0,0,0,0,1,1,0,0,0,0,0,0,0,0,0,0,0,0,316,0,0,0,232183.0,42063.0,30090.0,0.0,272,144
2024-05-24,0,0,0,0,0,0,0,0,1,1,0,0,0,0,0,0,0,0,0,0,0,0,295,3,0,0,270630.0,42238.0,29986.0,0.0,299,167
2024-05-25,0,0,0,0,0,0,0,0,1,1,0,0,0,0,0,0,0,0,0,0,0,0,267,0,0,0,271860.0,42303.0,29821.0,0.0,123,130
2024-05-26,0,0,0,0,0,0,0,0,1,1,0,0,0,0,0,0,0,0,0,0,0,0,303,0,0,0,256488.0,39458.0,20133.0,0.0,106,146
2024-05-27,0,0,0,0,0,0,0,0,1,1,0,0,0,0,0,0,0,0,0,0,0,0,336,0,0,2,239985.0,9977.0,0.0,0.0,271,131
2024-05-28,0,0,0,0,0,0,0,0,1,0,0,0,0,0,0,0,0,0,0,0,0,0,315,1,0,2,197642.0,14099.0,0.0,0.0,312,133
2024-05-29,0,0,0,0,0,0,0,0,1,0,0,0,0,0,0,0,0,0,0,0,0,0,331,4,0,1,232287.0,29230.0,0.0,0.0,305,136
2024-05-30,0,0,0,0,0,0,0,0,1,0,0,0,0,0,0,0,0,0,0,0,0,0,337,4,0,1,221779.0,29013.0,0.0,0.0,291,125
2024-05-31,0,0,0,0,0,0,0,0,1,0,0,0,0,0,0,0,0,0,0,0,0,0,277,4,0,0,211167.0,15323.0,0.0,0.0,329,126
2024-06-01,0,0,0,0,0,0,0,0,1,0,0,0,0,0,0,0,0,0,0,0,0,0,297,0,0,0,240761.0,0.0,0.0,0.0,100,129
2024-06-02,0,0,0,0,0,0,0,0,1,0,0,0,0,0,0,0,0,0,0,0,0,0,258,0,0,0,219966.0,0.0,0.0,0.0,122,131
2024-06-03,0,0,0,0,0,0,0,0,1,0,0,0,0,0,0,0,0,0,0,0,0,0,296,0,0,0,264151.0,0.0,0.0,0.0,294,160
2024-06-04,0,0,0,0,0,0,0,0,1,0,0,0,0,0,0,0,0,0,0,0,0,0,293,51,0,0,267695.0,11858.0,0.0,0.0,324,161
2024-06-05,0,0,0,0,0,0,0,0,1,0,0,0,0,0,0,0,0,0,0,0,0,0,282,127,0,0,233772.0,31011.0,0.0,0.0,361,130
2024-06-06,0,0,0,0,0,0,0,0,1,0,0,0,0,0,0,0,0,0,0,0,0,0,257,193,0,0,220538.0,30744.0,0.0,0.0,153,146
2024-06-07,0,0,0,0,0,0,0,0,1,0,0,0,0,0,0,0,0,0,0,0,0,0,273,240,0,0,218096.0,30688.0,0.0,0.0,256,128
2024-06-08,0,0,0,0,0,0,0,0,1,0,0,0,0,0,0,0,0,0,0,0,0,0,283,278,0,0,185019.0,31115.0,0.0,0.0,105,124
2024-06-09,0,0,0,0,0,0,0,0,1,0,0,0,0,0,0,0,0,0,0,0,0,0,286,485,0,1,232799.0,29969.0,0.0,0.0,114,105
2024-06-10,0,0,0,0,0,0,0,0,1,0,0,0,0,0,0,0,0,0,0,0,0,0,221,208,0,0,249395.0,40847.0,31264.0,50074.0,410,167
2024-06-11,0,0,0,0,0,0,0,0,1,0,0,0,0,0,0,0,0,0,0,0,0,0,298,15,0,1,230512.0,77704.0,29262.0,50692.0,328,156
2024-06-12,0,0,0,0,0,0,0,0,1,0,0,0,0,0,0,0,0,0,0,0,0,0,266,36,0,0,218970.0,53834.0,27379.0,0.0,339,123
2024-06-13,0,0,0,0,0,0,0,0,1,0,0,0,0,0,0,0,0,0,0,0,0,0,270,13,0,0,230136.0,29770.0,0.0,0.0,329,125
2024-06-14,0,0,0,0,0,0,0,0,1,0,0,0,0,0,0,0,0,0,0,0,0,0,282,21,0,0,227175.0,29372.0,0.0,0.0,279,152
2024-06-15,0,0,0,0,0,0,0,0,1,0,0,0,0,0,0,0,0,0,0,0,0,0,226,16,0,0,217803.0,30279.0,0.0,0.0,153,139
2024-06-16,0,0,0,0,0,0,0,0,1,0,0,0,0,0,0,0,0,0,0,0,0,0,243,22,0,0,188802.0,29674.0,0.0,0.0,106,126
2024-06-17,0,0,0,0,0,0,0,0,1,0,0,0,0,0,0,0,0,0,0,0,0,0,267,0,0,0,218758.0,0.0,0.0,0.0,297,237
2024-06-18,0,0,0,0,0,0,0,0,1,0,0,0,0,0,0,0,0,0,0,0,0,0,267,1,0,0,246343.0,0.0,0.0,0.0,297,131
2024-06-19,0,0,0,0,0,0,0,0,1,0,0,0,0,0,0,0,0,0,0,0,0,0,261,0,0,0,226894.0,0.0,0.0,0.0,291,158
2024-06-20,0,0,0,0,0,0,0,0,1,0,0,0,0,0,0,0,0,0,0,0,0,0,230,3,1,0,204097.0,0.0,0.0,0.0,316,127
2024-06-21,0,0,0,0,0,0,0,0,1,0,0,0,0,0,0,0,0,0,0,0,0,0,253,1,0,0,219431.0,0.0,0.0,0.0,253,133
2024-06-22,0,0,0,0,0,0,0,0,1,0,0,0,0,0,0,0,0,0,0,0,0,0,246,0,0,0,211284.0,0.0,0.0,0.0,110,106
2024-06-23,0,0,0,0,0,0,0,0,1,0,0,0,0,0,0,0,0,0,0,0,0,0,240,3,0,0,205467.0,0.0,0.0,0.0,91,131
2024-06-24,0,0,0,0,0,0,0,0,1,0,0,0,0,0,0,0,0,0,0,0,0,0,271,1,0,1,195379.0,0.0,0.0,0.0,268,132
2024-06-25,0,0,0,0,0,0,0,0,1,0,0,0,0,0,0,0,0,0,0,0,0,0,270,2,0,0,205951.0,0.0,0.0,0.0,264,113
2024-06-26,0,0,0,0,0,0,0,0,1,0,0,0,0,0,0,0,0,0,0,0,0,0,257,1,0,0,200901.0,0.0,0.0,0.0,272,137
2024-06-27,0,0,0,0,0,0,0,0,1,0,0,0,0,0,0,0,0,0,0,0,0,0,263,0,0,0,192307.0,0.0,0.0,0.0,292,129
2024-06-28,0,0,0,0,0,0,0,0,1,0,0,0,0,0,0,0,0,0,0,0,0,0,260,0,0,0,220999.0,0.0,17325.0,0.0,269,116
2024-06-29,0,0,0,0,0,0,0,0,1,0,0,0,0,0,0,0,0,0,0,0,0,0,217,1,0,0,203299.0,0.0,91248.0,0.0,124,119
2024-06-30,0,0,0,0,0,0,0,0,1,0,0,0,0,0,0,0,0,0,0,0,0,0,184,0,0,0,188600.0,0.0,89108.0,0.0,123,113
2024-07-01,0,0,0,0,0,0,0,0,0,0,0,0,0,0,0,0,0,0,0,0,0,0,216,0,0,0,234900.0,0.0,2319.0,0.0,273,144
2024-07-02,0,0,0,0,0,0,0,0,0,0,0,0,0,0,0,0,0,0,0,0,0,0,269,0,0,0,205688.0,0.0,0.0,0.0,347,129
2024-07-03,0,0,0,0,0,0,0,0,0,0,0,0,0,0,0,0,0,0,0,0,0,0,253,0,0,0,207468.0,0.0,0.0,0.0,361,157
2024-07-04,0,0,0,0,0,0,0,0,0,0,0,0,0,0,0,0,0,0,0,0,0,0,225,0,0,0,119620.0,0.0,0.0,0.0,270,144
2024-07-05,0,0,0,0,0,0,0,0,0,0,0,0,0,0,0,0,0,0,0,0,0,0,227,1,0,0,106778.0,0.0,0.0,0.0,299,136
2024-07-06,0,0,0,0,0,0,0,0,0,0,0,0,0,0,0,0,0,0,0,0,0,0,262,3,0,0,85177.0,0.0,0.0,0.0,129,143
2024-07-07,0,0,0,0,0,0,0,0,0,0,0,0,0,0,0,0,0,0,0,0,0,0,233,2,0,0,129014.0,0.0,0.0,0.0,100,398
2024-07-08,0,0,0,0,0,0,0,0,0,0,1,0,0,0,0,0,0,0,0,0,0,0,259,0,0,1,129310.0,0.0,0.0,0.0,383,137
2024-07-09,0,0,0,0,0,0,0,0,0,0,1,0,0,0,0,0,0,0,0,0,0,0,262,1,0,0,124580.0,0.0,0.0,0.0,318,116
2024-07-10,0,0,0,0,0,0,0,0,0,0,1,0,0,0,0,0,0,0,0,0,0,0,323,0,0,0,154264.0,0.0,0.0,0.0,289,129
2024-07-11,0,0,0,0,0,0,0,0,0,0,1,0,0,0,0,0,0,0,0,0,0,0,212,4,0,0,143285.0,0.0,0.0,0.0,310,159
2024-07-12,0,0,0,0,0,0,0,0,0,0,1,0,0,0,0,0,0,0,0,0,0,0,344,1,0,0,171334.0,67620.0,0.0,0.0,279,134
2024-07-13,0,0,0,0,0,0,0,0,0,0,1,0,0,0,0,0,0,0,0,0,0,0,342,0,0,0,174690.0,80850.0,0.0,0.0,132,112
2024-07-14,0,0,0,0,0,0,0,0,0,0,1,0,0,0,0,0,0,0,0,0,0,0,326,0,0,0,163164.0,47962.0,0.0,0.0,113,104
2024-07-15,0,0,0,0,0,0,0,0,0,0,0,0,0,0,0,0,0,0,0,0,0,0,367,0,0,0,176692.0,20788.0,0.0,0.0,304,140
2024-07-16,0,0,0,0,0,0,0,0,0,0,0,0,0,0,0,0,0,0,0,0,0,0,280,0,0,0,161691.0,0.0,0.0,0.0,284,155
2024-07-17,0,0,0,0,0,0,0,0,0,0,0,0,0,0,0,0,0,0,0,0,0,0,246,0,0,0,145503.0,0.0,12837.0,0.0,329,126
2024-07-18,0,0,0,0,0,0,0,0,0,0,0,0,0,0,0,0,0,0,0,0,0,0,334,0,0,0,204305.0,87484.0,49230.0,233624.0,301,143
2024-07-19,0,0,0,0,0,0,0,0,0,0,0,0,0,0,0,0,0,0,0,0,0,0,329,0,0,0,174798.0,86495.0,50000.0,221019.0,242,110
2024-07-20,0,0,0,0,0,0,0,0,0,0,0,0,0,0,0,0,0,0,0,0,0,0,186,1,0,0,94833.0,83917.0,50000.0,40905.0,129,100
2024-07-21,0,0,0,0,0,0,0,0,0,0,0,0,0,0,0,0,0,0,0,0,0,0,292,0,0,0,203951.0,51132.0,50000.0,41063.0,115,117
2024-07-22,0,0,0,0,0,0,0,0,0,0,0,0,0,0,0,0,0,0,0,0,0,0,249,0,0,0,205091.0,45965.0,0.0,75803.0,321,136
2024-07-23,0,0,0,0,0,0,0,0,0,0,0,0,0,0,0,0,0,0,0,0,0,0,377,0,0,0,182279.0,0.0,0.0,40919.0,306,124
2024-07-24,0,0,0,0,0,0,0,0,0,0,0,0,0,0,0,0,0,0,0,0,0,0,276,0,0,0,148844.0,0.0,0.0,41101.0,261,125
2024-07-25,0,0,0,0,0,0,0,0,0,0,0,0,0,0,0,0,0,0,0,0,0,0,337,0,0,0,176835.0,0.0,0.0,0.0,311,141
2024-07-26,0,0,0,0,0,0,0,0,0,0,0,0,0,0,0,0,0,0,0,0,0,0,305,1,0,0,155418.0,0.0,0.0,0.0,287,114
2024-07-27,0,0,0,0,0,0,0,0,0,0,0,0,0,0,0,0,0,0,0,0,0,0,158,1,0,0,91244.0,0.0,0.0,0.0,105,109
2024-07-28,0,0,0,0,0,0,0,0,0,0,0,0,0,0,0,0,0,0,0,0,0,0,322,0,0,0,184808.0,0.0,0.0,0.0,84,107
2024-07-29,0,0,0,0,0,0,0,0,0,0,0,0,0,0,0,0,0,0,0,0,0,0,310,0,0,0,177214.0,0.0,0.0,40184.0,319,124
2024-07-30,0,0,0,0,0,0,0,0,0,0,0,0,0,0,0,0,0,0,0,0,0,0,236,0,0,0,147731.0,249933.0,0.0,40641.0,358,117
2024-07-31,0,0,0,0,0,0,0,0,0,0,0,0,0,0,0,0,0,0,0,0,0,0,202,0,0,0,92509.0,0.0,0.0,40877.0,348,124
2024-08-01,0,0,0,0,0,0,0,0,0,0,0,0,0,0,0,0,0,0,0,0,0,0,297,0,0,0,142750.0,0.0,0.0,0.0,381,147
2024-08-02,0,0,0,0,0,0,0,0,0,0,0,0,0,0,0,0,0,0,0,0,0,0,317,0,0,0,192870.0,0.0,0.0,0.0,308,138
2024-08-03,0,0,0,0,0,0,0,0,0,0,0,0,0,0,0,0,0,0,0,0,0,0,294,0,1,0,156691.0,0.0,0.0,0.0,139,113
2024-08-04,0,0,0,0,0,0,0,0,0,0,0,0,0,0,0,0,0,0,0,0,0,0,305,0,0,0,104339.0,0.0,0.0,0.0,159,124
2024-08-05,0,0,0,0,0,0,0,0,0,0,0,0,0,0,0,0,0,0,0,0,0,0,289,0,0,0,213151.0,0.0,0.0,0.0,328,154
2024-08-06,0,0,0,0,0,0,0,0,0,0,0,0,0,0,0,0,0,0,0,0,0,0,292,0,0,0,182227.0,0.0,0.0,0.0,301,148
2024-08-07,0,0,0,0,0,0,0,0,0,0,0,0,0,0,0,0,0,0,0,0,0,0,285,0,0,0,144414.0,0.0,0.0,0.0,295,132
2024-08-08,0,0,0,0,0,0,0,0,0,0,0,0,0,0,0,0,0,0,0,0,0,0,303,0,0,0,146539.0,178462.0,0.0,81425.0,405,131
2024-08-09,0,0,0,0,0,0,0,0,0,0,0,0,0,0,0,0,0,0,0,0,0,0,297,0,0,0,183624.0,302736.0,0.0,121998.0,298,136
2024-08-10,0,0,0,0,0,0,0,0,0,0,0,0,0,0,0,0,0,0,0,0,0,0,352,0,0,0,131763.0,279986.0,0.0,123065.0,151,104
2024-08-11,0,0,0,0,0,0,0,0,0,0,0,0,0,0,0,0,0,0,0,0,0,0,278,0,0,0,136776.0,289167.0,0.0,123620.0,176,134
2024-08-12,0,0,0,0,0,0,0,0,0,0,0,0,0,0,0,0,0,0,0,0,0,0,317,0,0,0,178799.0,197408.0,0.0,113957.0,299,121
2024-08-13,0,0,0,0,0,0,0,0,0,0,0,0,0,0,0,0,0,0,0,0,0,0,299,0,0,0,193442.0,225541.0,0.0,114419.0,327,194
2024-08-14,0,0,0,0,0,0,0,0,0,0,0,0,0,0,0,0,0,0,0,0,0,0,298,0,0,0,175449.0,230605.0,7452.0,155080.0,311,132
2024-08-15,0,0,0,0,0,0,0,0,0,0,0,0,0,0,0,0,0,0,0,0,0,0,285,0,1,0,161936.0,297304.0,35010.0,157171.0,153,137
2024-08-16,0,0,0,0,0,0,0,0,0,0,0,0,0,0,0,0,0,0,0,0,0,0,295,0,0,0,141673.0,297882.0,31207.0,153656.0,301,129
2024-08-17,0,0,0,0,0,0,0,0,0,0,0,0,0,0,0,0,0,0,0,0,0,0,300,0,0,0,167701.0,290168.0,26952.0,153689.0,95,98
2024-08-18,0,0,0,0,0,0,0,0,0,0,0,0,0,0,0,0,0,0,0,0,0,0,312,0,0,0,157003.0,316353.0,27561.0,154169.0,136,97
2024-08-19,0,0,0,0,0,0,0,0,0,0,0,0,0,0,0,0,0,0,0,0,0,0,343,0,0,0,166601.0,303693.0,25347.0,155473.0,298,145
2024-08-20,0,0,0,0,0,0,0,0,0,0,0,0,0,0,0,0,0,0,0,0,0,0,314,0,0,0,151974.0,302050.0,22257.0,154482.0,316,123
2024-08-21,0,0,0,0,0,0,0,0,0,0,0,0,0,0,0,0,0,0,0,0,0,0,331,0,0,0,154689.0,299159.0,16128.0,154727.0,270,115
2024-08-22,0,0,0,0,0,0,0,0,0,0,0,0,0,0,0,0,0,0,0,0,0,0,326,0,0,0,167176.0,611738.0,8040.0,154044.0,333,125
2024-08-23,0,0,0,0,0,0,0,0,0,0,0,0,0,0,0,0,0,0,0,0,0,0,330,0,0,0,147691.0,607479.0,0.0,81561.0,368,105
2024-08-24,0,0,0,0,0,0,0,0,0,0,0,0,0,0,0,0,0,0,0,0,0,0,324,0,0,0,158246.0,138483.0,0.0,81397.0,113,102
2024-08-25,0,0,0,0,0,0,0,0,0,0,0,0,0,0,0,0,0,0,0,0,0,0,317,0,0,0,128051.0,83874.0,0.0,81159.0,114,117
2024-08-26,0,0,0,0,0,0,0,0,0,0,0,1,0,0,0,0,0,0,0,0,0,0,314,0,0,0,153154.0,203875.0,0.0,86226.0,313,122
2024-08-27,0,0,0,0,0,0,0,0,0,0,0,1,0,0,0,0,0,0,0,0,0,0,306,0,0,0,185943.0,201452.0,0.0,113913.0,372,136
2024-08-28,0,0,0,0,0,0,0,0,0,0,0,1,0,0,0,0,0,0,0,0,0,0,312,1,0,0,158439.0,195825.0,0.0,117923.0,368,111
2024-08-29,0,0,0,0,0,0,0,0,0,0,0,1,0,0,0,0,0,0,0,0,0,0,303,1,0,0,138694.0,189880.0,0.0,119209.0,343,133
2024-08-30,0,0,0,0,0,0,0,0,0,0,0,1,0,0,0,0,0,0,0,0,0,0,305,0,0,0,171742.0,192427.0,0.0,107021.0,332,141
2024-08-31,0,0,0,0,0,0,0,0,0,0,0,1,0,0,0,0,0,0,0,0,0,0,249,0,0,0,123249.0,192034.0,0.0,82693.0,116,118
2024-09-01,0,0,0,0,0,0,0,0,0,0,0,1,0,0,0,0,0,0,0,0,0,0,344,0,0,0,115740.0,0.0,0.0,0.0,170,110
2024-09-02,0,0,0,0,0,0,0,0,0,0,0,1,1,0,0,0,0,0,0,0,0,0,343,0,0,0,171125.0,0.0,0.0,0.0,345,114
2024-09-03,0,0,0,0,0,0,0,0,0,0,0,1,1,0,0,0,0,0,0,0,0,0,290,0,0,0,200582.0,0.0,0.0,0.0,315,403
2024-09-04,0,0,0,0,0,0,0,0,0,0,0,1,1,0,0,0,0,0,0,0,0,0,273,0,0,0,149787.0,0.0,0.0,0.0,343,144
2024-09-05,0,0,0,0,0,0,0,0,0,0,0,1,1,0,0,0,0,0,0,0,0,0,279,0,0,0,178627.0,0.0,0.0,0.0,339,111
2024-09-06,0,0,0,0,0,0,0,0,0,0,0,1,1,0,0,0,0,0,0,0,0,0,182,0,0,0,164353.0,0.0,0.0,0.0,283,110
2024-09-07,0,0,0,0,0,0,0,0,0,0,0,1,1,0,0,0,0,0,0,0,0,0,278,0,0,0,153692.0,0.0,0.0,24487.0,109,114
2024-09-08,0,0,0,0,0,0,0,0,0,0,0,1,1,0,0,0,0,0,0,0,0,0,276,0,0,0,190090.0,0.0,0.0,17073.0,131,108
2024-09-09,0,0,0,0,0,0,0,0,0,0,0,1,1,0,0,0,0,0,0,0,0,0,318,0,0,0,209023.0,0.0,0.0,0.0,347,123
2024-09-10,0,0,0,0,0,0,0,0,0,0,0,1,1,0,0,0,0,0,0,0,0,0,251,0,0,0,186118.0,0.0,0.0,0.0,341,152
2024-09-11,0,0,0,0,0,0,0,0,0,0,0,1,1,0,0,0,0,0,0,0,0,0,239,0,0,0,157027.0,0.0,0.0,39531.0,321,128
2024-09-12,0,0,0,0,0,0,0,0,0,0,0,1,1,0,0,0,0,0,0,0,0,0,255,0,0,0,180641.0,3822.0,0.0,40693.0,305,134
2024-09-13,0,0,0,0,0,0,0,0,0,0,0,1,1,0,0,0,0,0,0,0,0,0,263,0,0,0,216823.0,19885.0,0.0,41437.0,244,148
2024-09-14,0,0,0,0,0,0,0,0,0,0,0,1,1,0,0,0,0,0,0,0,0,0,248,0,0,0,198019.0,19971.0,0.0,40965.0,81,110
2024-09-15,0,0,0,0,0,0,0,0,0,0,0,1,1,0,0,0,0,0,0,0,0,0,286,0,0,0,210147.0,20930.0,0.0,41023.0,101,111
2024-09-16,0,0,0,0,0,0,0,0,0,0,0,1,1,0,0,0,0,0,0,0,0,0,266,0,0,0,212555.0,20578.0,0.0,41213.0,146,124
2024-09-17,0,0,0,0,0,0,0,0,0,0,0,1,1,0,0,0,0,0,0,0,0,0,282,0,0,0,215500.0,20304.0,0.0,40989.0,141,106
2024-09-18,0,0,0,0,0,0,0,0,0,0,0,1,1,0,0,0,0,0,0,0,0,0,228,1,1,0,166741.0,19851.0,0.0,40757.0,114,104
2024-09-19,0,0,0,0,0,0,0,0,0,0,0,1,1,0,0,0,0,0,0,0,0,0,288,0,0,0,151959.0,19738.0,0.0,56760.0,266,116
2024-09-20,0,0,0,0,0,0,0,0,0,0,0,1,1,0,0,0,0,0,0,0,0,0,290,0,0,0,162929.0,27231.0,0.0,54699.0,254,124
2024-09-21,0,0,0,0,0,0,0,0,0,0,0,1,1,0,0,0,0,0,0,0,0,0,334,0,0,0,272885.0,35511.0,0.0,31428.0,127,123
2024-09-22,0,0,0,0,0,0,0,0,0,0,0,1,1,0,0,0,0,0,0,0,0,0,323,0,0,0,209993.0,43288.0,0.0,31528.0,104,102
2024-09-23,0,0,0,0,0,0,0,0,0,0,0,1,1,0,0,0,0,0,0,0,0,0,316,0,0,0,183140.0,39896.0,0.0,31470.0,300,143
2024-09-24,0,0,0,0,0,0,0,0,0,0,0,1,1,0,0,0,0,0,0,0,0,0,302,0,0,0,169777.0,47367.0,0.0,74607.0,352,138
2024-09-25,0,0,0,0,0,0,0,0,0,0,0,1,1,0,0,0,0,0,0,0,0,0,278,1,0,0,209932.0,58263.0,36762.0,100074.0,308,113
2024-09-26,0,0,0,0,0,0,0,0,0,0,0,1,1,0,0,0,0,0,0,0,0,0,282,0,0,0,201715.0,57679.0,36705.0,95898.0,339,130
2024-09-27,0,0,0,0,0,0,0,0,0,0,0,1,1,0,0,0,0,0,0,0,0,0,262,0,0,0,191516.0,39687.0,0.0,29694.0,304,127
2024-09-28,0,0,0,0,0,0,0,0,0,0,0,1,1,0,0,0,0,0,0,0,0,0,250,0,0,0,164073.0,38889.0,0.0,31326.0,112,123
2024-09-29,0,0,0,0,0,0,0,0,0,0,0,1,1,0,0,0,0,0,0,0,0,0,236,0,0,0,104409.0,41199.0,0.0,32084.0,142,129
2024-09-30,0,0,0,0,0,0,0,0,0,0,0,1,1,0,0,0,0,0,0,0,0,0,274,2,0,0,119231.0,38652.0,0.0,16035.0,325,130
2024-10-01,0,0,0,0,0,0,0,0,0,0,0,1,0,0,0,0,0,0,0,0,0,0,278,0,0,0,200382.0,0.0,0.0,0.0,137,118
2024-10-02,0,0,0,0,0,0,0,0,0,0,0,1,0,0,0,0,0,0,0,0,0,0,320,0,0,0,205609.0,41920.0,50276.0,0.0,328,127
2024-10-03,0,0,0,0,0,0,0,0,0,0,0,1,0,0,0,0,0,0,0,0,0,0,287,0,0,0,210979.0,101770.0,50409.0,0.0,162,118
2024-10-04,0,0,0,0,0,0,0,0,0,0,0,1,0,0,0,0,0,0,0,0,0,0,286,0,0,0,204052.0,101846.0,49926.0,0.0,402,134
2024-10-05,0,0,0,0,0,0,0,0,0,0,0,1,0,0,0,0,0,0,0,0,0,0,282,0,0,0,197416.0,103390.0,49389.0,0.0,110,110
2024-10-06,0,0,0,0,0,0,0,0,0,0,0,1,0,0,0,0,0,0,0,0,0,0,314,0,0,0,211809.0,103484.0,50000.0,0.0,108,143
2024-10-07,0,0,0,0,0,0,0,0,0,0,0,1,0,0,0,0,0,0,0,0,0,0,324,0,0,0,198843.0,101551.0,0.0,15551.0,304,154
2024-10-08,0,0,0,0,0,0,0,0,0,0,0,1,0,0,0,0,0,0,0,0,0,0,304,0,0,0,191041.0,99927.0,13003.0,15808.0,332,124
2024-10-09,0,0,0,0,0,0,0,0,0,0,0,1,0,0,0,0,0,0,0,0,0,0,291,0,0,0,147739.0,156800.0,96555.0,15586.0,128,122
2024-10-10,0,0,0,0,0,0,0,0,0,0,0,1,0,0,0,0,0,0,0,0,0,0,254,0,0,0,129251.0,236683.0,100557.0,15318.0,343,120
2024-10-11,0,0,0,0,0,0,0,0,0,0,0,1,0,1,0,0,0,0,0,0,0,0,270,0,0,0,213459.0,287364.0,98735.0,15598.0,381,134
2024-10-12,0,0,0,0,0,0,0,0,0,0,0,1,0,1,0,0,0,0,0,0,0,0,280,0,0,0,223670.0,298707.0,97370.0,15680.0,123,117
2024-10-13,0,0,0,0,0,0,0,0,0,0,0,1,0,1,0,0,0,0,0,0,0,0,256,0,0,0,181642.0,298268.0,93146.0,15606.0,147,117
2024-10-14,0,0,0,0,0,0,0,0,0,0,0,1,0,1,0,0,0,0,0,0,0,0,265,0,0,0,165596.0,215368.0,8999.0,15721.0,324,147
2024-10-15,0,0,0,0,0,0,0,0,0,0,0,1,0,1,0,0,0,0,0,0,0,0,263,0,0,0,173993.0,310053.0,116570.0,15788.0,366,153
2024-10-16,0,0,0,0,0,0,0,0,0,0,0,1,0,1,0,0,0,0,0,0,0,0,278,0,0,0,169619.0,235001.0,97921.0,15800.0,395,172
2024-10-17,0,0,0,0,0,0,0,0,0,0,0,1,0,1,0,0,0,0,0,0,0,0,260,0,0,0,260726.0,0.0,0.0,15783.0,352,149
2024-10-18,0,0,0,0,0,0,0,0,0,0,0,1,0,1,0,0,0,0,0,0,0,0,270,0,0,0,198601.0,0.0,0.0,15911.0,369,136
2024-10-19,0,0,0,0,0,0,0,0,0,0,0,1,0,1,0,0,0,0,0,0,0,0,266,0,0,0,196806.0,0.0,0.0,15762.0,146,132
2024-10-20,0,0,0,0,0,0,0,0,0,0,0,1,0,1,0,0,0,0,0,0,0,0,262,0,0,0,202037.0,0.0,0.0,15961.0,133,141
2024-10-21,0,0,0,0,0,0,0,0,0,0,0,1,0,1,0,0,0,0,0,0,0,0,288,0,0,0,198005.0,0.0,0.0,41658.0,384,161
2024-10-22,0,0,0,0,0,0,0,0,0,0,0,1,0,1,0,0,0,0,0,0,0,0,256,0,0,0,190382.0,56114.0,0.0,35017.0,442,128
2024-10-23,0,0,0,0,0,0,0,0,0,0,0,1,0,1,0,0,0,0,0,0,0,0,276,0,1,0,158892.0,47266.0,0.0,52858.0,234,127
2024-10-24,0,0,0,0,0,0,0,0,0,0,0,1,0,1,0,0,0,0,0,0,0,0,274,0,0,0,134237.0,57535.0,0.0,51879.0,420,121
2024-10-25,0,0,0,0,0,0,0,0,0,0,0,1,0,1,0,0,0,0,0,0,0,0,293,0,0,0,186402.0,58105.0,0.0,56860.0,365,108
2024-10-26,0,0,0,0,0,0,0,0,0,0,0,1,0,1,0,0,0,0,0,0,0,0,250,0,0,0,200916.0,50019.0,0.0,57689.0,117,134
2024-10-27,0,0,0,0,0,0,0,0,0,0,0,1,0,1,0,0,0,0,0,0,0,0,106,0,0,0,184585.0,0.0,0.0,13925.0,82,75
2024-10-28,0,0,0,0,0,0,0,0,0,0,0,1,0,1,0,0,0,0,0,0,0,0,8,0,0,0,168966.0,36943.0,2101.0,47006.0,271,93
2024-10-29,0,0,0,0,0,0,0,0,0,0,0,1,0,1,0,0,0,0,0,0,0,0,3,0,0,0,209832.0,39581.0,36854.0,43879.0,452,119
2024-10-30,0,0,0,0,0,0,0,0,0,0,0,1,0,1,0,0,0,0,0,0,0,0,161,0,0,0,174869.0,45175.0,37049.0,44509.0,363,108
2024-10-31,0,0,0,0,0,0,0,0,0,0,0,1,0,1,0,0,0,0,0,0,0,0,468,0,0,0,130311.0,28215.0,0.0,27615.0,411,96
2024-11-01,0,0,0,0,0,0,0,0,0,0,0,1,0,1,0,0,0,0,0,0,0,0,521,0,0,0,215356.0,0.0,0.0,15379.0,304,121
2024-11-02,0,0,0,0,0,0,0,0,0,0,0,1,0,1,0,0,0,0,0,0,0,0,466,0,0,0,169930.0,0.0,0.0,16286.0,129,108
2024-11-03,0,0,0,0,0,0,0,0,0,0,0,1,0,1,0,0,0,0,0,0,0,0,555,0,0,0,179916.0,0.0,0.0,16138.0,152,95
2024-11-04,0,0,0,0,0,0,0,0,0,0,0,1,0,1,0,0,0,0,0,0,0,0,594,0,0,0,239576.0,24506.0,0.0,16233.0,406,166
2024-11-05,0,0,0,0,0,0,0,0,0,0,0,1,0,1,0,0,0,0,0,0,0,0,515,0,0,0,162792.0,167354.0,0.0,38031.0,445,133
2024-11-06,0,0,0,0,0,0,0,0,0,0,0,1,0,1,0,0,0,0,0,0,0,0,506,0,1,0,199097.0,76274.0,0.0,40362.0,374,121
2024-11-07,0,0,0,0,0,0,0,0,0,0,0,1,0,1,0,0,0,0,0,0,0,0,446,0,0,0,191865.0,101381.0,37500.0,62482.9,375,119
2024-11-08,0,0,0,0,0,0,0,0,0,0,0,1,0,1,0,0,0,0,0,0,0,0,457,0,0,0,161324.0,52378.0,50201.0,82817.9,442,121
2024-11-09,0,0,0,0,0,0,0,0,0,0,0,1,0,1,0,0,0,0,0,0,0,0,433,0,0,0,130075.0,53398.0,49799.0,83559.1,153,128
2024-11-10,0,0,0,0,0,0,0,0,0,0,0,1,0,1,0,0,0,0,0,0,0,0,456,0,0,0,178433.0,49282.0,50423.0,83121.1,138,104
2024-11-11,0,0,0,0,0,0,0,0,0,0,0,1,0,1,0,0,0,0,0,0,0,0,520,0,0,0,273518.0,50737.0,50683.0,63453.1,425,107
2024-11-12,0,0,0,0,0,0,0,0,0,0,0,1,0,0,0,0,0,0,0,0,0,0,564,0,0,0,236023.0,18530.0,49604.0,65474.4,426,121
2024-11-13,0,0,0,0,0,0,0,0,0,0,0,1,0,0,0,0,0,0,0,0,0,0,564,0,0,0,224086.0,72217.0,49290.0,65487.8,392,131
2024-11-14,0,0,0,0,0,0,0,0,0,0,0,1,0,0,0,0,0,0,0,0,0,0,453,0,0,0,165062.0,30053.0,0.0,23955.7,376,122
2024-11-15,0,0,0,0,0,0,0,0,0,0,0,1,0,0,0,0,0,0,0,0,0,0,446,0,0,0,186677.0,0.0,0.0,24151.5,375,128
2024-11-16,0,0,0,0,0,0,0,0,0,0,0,1,0,0,0,0,0,0,0,0,0,0,525,0,0,0,245622.0,0.0,0.0,24266.7,135,104
2024-11-17,0,0,0,0,0,0,0,0,0,0,0,1,0,0,0,0,0,0,0,0,0,0,528,0,0,0,221543.0,0.0,0.0,0.0,180,109
2024-11-18,0,0,0,0,0,0,0,0,0,0,0,1,0,0,0,0,0,0,0,0,0,0,524,0,0,0,227336.0,0.0,0.0,0.0,400,112
2024-11-19,0,0,0,0,0,0,0,0,0,0,0,1,0,0,0,0,0,0,0,0,0,0,530,0,0,0,226615.0,0.0,30083.0,0.0,380,99
2024-11-20,0,0,0,0,0,0,0,0,0,0,0,1,0,0,0,0,0,0,0,0,0,0,475,0,0,0,205005.0,15791.0,69917.0,0.0,434,93
2024-11-21,0,0,0,0,0,0,0,0,0,0,0,1,0,0,0,0,0,0,0,0,0,0,455,1,0,0,191877.0,0.0,0.0,0.0,469,96
2024-11-22,0,0,0,0,0,0,0,0,0,0,0,1,0,0,0,0,0,0,0,0,0,0,468,0,0,0,188255.0,4914.0,591.0,36348.8,321,118
2024-11-23,0,0,0,0,0,0,0,0,0,0,0,1,0,0,0,0,0,0,0,0,0,0,292,0,1,0,142089.0,55513.0,62393.0,39904.2,149,90
2024-11-24,0,0,0,0,0,0,0,0,0,0,0,1,0,0,0,0,0,0,0,0,0,0,38,0,0,0,0.0,65069.0,49717.0,40174.6,106,89
2024-11-25,0,0,0,0,0,0,0,0,0,0,0,1,0,0,1,0,0,0,0,0,0,0,499,0,8,0,264345.0,56894.0,52938.0,193765.0,451,175
2024-11-26,0,0,0,0,0,0,0,0,0,0,0,1,0,0,1,0,0,0,0,0,0,0,506,1,3,1,244143.0,109983.0,87158.0,202506.0,474,127
2024-11-27,0,0,0,0,0,0,0,0,0,0,0,1,0,0,1,0,0,0,0,0,0,0,530,0,0,0,230239.0,214156.0,94165.0,310878.0,438,143
2024-11-28,0,0,0,0,0,0,0,0,0,0,0,1,0,0,1,0,0,0,0,0,0,0,573,0,2,1,330257.0,1196690.0,98272.0,324454.0,515,114
2024-11-29,0,0,0,0,0,0,0,0,0,0,0,1,0,0,1,0,0,0,0,0,0,0,524,0,3,0,340303.0,2234670.0,93978.0,322885.0,385,153
2024-11-30,0,0,0,0,0,0,0,0,0,0,0,1,0,0,1,0,0,0,0,0,0,0,407,35,1,0,283398.0,2178460.0,94858.0,323033.0,172,107
2024-12-01,0,0,0,0,0,0,0,0,0,0,0,1,0,0,1,0,0,0,0,0,0,0,472,9,4,0,209065.0,1983720.0,99696.0,323928.0,209,132
2024-12-02,0,0,0,0,0,0,0,0,0,0,0,1,0,0,1,0,0,0,0,0,0,0,519,2,1,1,219690.0,835266.0,49488.0,243065.0,485,127
2024-12-03,0,0,0,0,0,0,0,0,0,0,0,1,0,0,0,0,0,0,0,0,0,0,544,7,8,1,240092.0,55605.0,0.0,0.0,527,91
2024-12-04,0,0,0,0,0,0,0,0,0,0,0,1,0,0,0,0,0,0,0,0,0,0,417,7,3,0,334758.0,0.0,0.0,0.0,359,78
2024-12-05,0,0,0,0,0,0,0,0,0,0,0,1,0,0,0,0,0,0,0,0,0,0,546,5,3,0,337399.0,0.0,0.0,41337.5,453,136
2024-12-06,0,0,0,0,0,0,0,0,0,0,0,1,0,0,0,0,0,0,0,0,0,0,532,0,1,0,302459.0,0.0,0.0,41608.5,428,90
2024-12-07,0,0,0,0,0,0,0,0,0,0,0,1,0,0,0,0,0,0,0,0,0,0,529,0,0,0,255921.0,0.0,0.0,41325.4,162,114
2024-12-08,0,0,0,0,0,0,0,0,0,0,0,1,0,0,0,0,0,0,0,0,0,0,551,0,0,0,259475.0,943.0,0.0,41375.4,125,96
2024-12-09,0,0,0,0,0,0,0,0,0,0,0,1,0,0,0,0,0,0,0,0,0,0,542,0,0,0,184340.0,177709.0,0.0,41425.0,437,117
2024-12-10,0,0,0,0,0,0,0,0,0,0,0,1,0,0,0,0,0,0,0,0,0,0,571,1,1,0,253873.0,149005.0,0.0,120562.0,423,113
2024-12-11,0,0,0,0,0,0,0,0,0,0,0,1,0,0,0,0,0,0,0,0,0,0,536,1,0,0,265320.0,41239.0,0.0,122509.0,434,121
2024-12-12,0,0,0,0,0,0,0,0,0,0,0,1,0,0,0,0,0,0,0,0,0,0,549,0,0,0,314635.0,44531.0,0.0,80823.6,408,101
2024-12-13,0,0,0,0,0,0,0,0,0,0,0,1,0,0,0,0,0,0,0,0,0,0,613,0,0,0,256944.0,45698.0,30105.0,80772.2,373,90
2024-12-14,0,0,0,0,0,0,0,0,0,0,0,1,0,0,0,0,0,0,0,0,0,0,581,0,2,0,258175.0,48344.0,29895.0,80788.8,133,84
2024-12-15,0,0,0,0,0,0,0,0,0,0,0,1,0,0,0,0,0,0,0,0,0,0,575,1,1,0,257339.0,51096.0,31852.0,80962.1,178,112
2024-12-16,0,0,0,0,0,0,0,0,0,0,0,1,0,0,0,0,0,0,0,0,0,0,620,0,3,0,289872.0,53133.0,27115.0,81019.1,401,119
2024-12-17,0,0,0,0,0,0,0,0,0,0,0,1,0,0,0,0,0,0,0,0,0,0,604,0,0,0,223674.0,48860.0,0.0,81180.8,458,112
2024-12-18,0,0,0,0,0,0,0,0,0,0,0,1,0,0,0,0,0,0,0,0,0,0,572,0,581,0,227335.0,118224.0,32072.0,163109.0,455,130
2024-12-19,0,0,0,0,0,0,0,0,0,0,0,1,0,0,0,0,0,0,0,0,0,0,594,0,3883,0,213010.0,212056.0,254316.0,158679.0,502,146
2024-12-20,0,0,0,0,0,0,0,0,0,0,0,1,0,0,0,0,0,0,0,0,0,0,670,0,2030,0,239827.0,199069.0,250000.0,161772.0,244,124
2024-12-21,0,0,0,0,0,0,0,0,0,0,0,1,0,0,0,0,0,0,0,0,0,0,554,0,1692,0,243817.0,202473.0,250000.0,162155.0,145,103
2024-12-22,0,0,0,0,0,0,0,0,0,0,0,1,0,0,0,0,0,0,0,0,0,0,619,0,1164,0,274266.0,215504.0,217038.0,162294.0,168,69
2024-12-23,0,0,0,0,0,0,0,0,0,0,0,1,0,0,0,0,0,0,0,0,0,0,645,593,1432,0,305011.0,300143.0,222487.0,163596.0,437,93
2024-12-24,0,0,0,0,0,0,0,0,0,0,0,1,0,0,0,0,0,0,0,0,0,0,613,2477,1321,0,210758.0,442996.0,209600.0,163021.0,353,85
2024-12-25,0,0,0,0,0,0,0,0,0,0,0,1,0,0,0,0,0,0,0,0,0,0,566,2484,1204,0,210642.0,415774.0,209812.0,163160.0,105,73
2024-12-26,0,0,0,0,0,0,0,0,0,0,0,1,0,0,0,0,0,0,0,0,0,0,705,2790,1412,0,269640.0,430485.0,181991.0,163568.0,451,100
2024-12-27,0,0,0,0,0,0,0,0,0,0,0,1,0,0,0,0,0,0,0,0,0,0,679,2845,1477,0,263627.0,342753.0,179866.0,81805.3,460,126
2024-12-28,0,0,0,0,0,0,0,0,0,0,0,1,0,0,0,0,0,0,0,0,0,0,665,2975,1597,0,224366.0,365588.0,179206.0,80390.3,149,126
2024-12-29,0,0,0,0,0,0,0,0,0,0,0,1,0,0,0,0,0,0,0,0,0,0,642,2975,1894,0,204420.0,366327.0,220886.0,80628.9,176,116
2024-12-30,0,0,0,0,0,0,0,0,0,0,0,1,0,0,0,0,0,0,0,0,0,0,666,3087,1988,0,189185.0,346257.0,199870.0,81425.4,504,140
2024-12-31,0,0,0,0,0,0,0,0,0,0,0,1,0,0,0,0,0,0,0,0,0,0,666,2920,1916,0,244740.0,333181.0,177535.0,81766.8,475,99
2025-01-01,0,0,0,0,0,0,0,0,0,0,0,0,0,0,0,0,0,0,0,0,0,0,774,35,32,0,263804.0,0.0,0.0,0.0,168,90
2025-01-02,0,0,0,0,0,0,0,0,0,0,0,0,0,0,0,0,0,0,0,0,0,0,863,5,13,0,277874.0,0.0,0.0,0.0,460,114
2025-01-03,0,0,0,0,0,0,0,0,0,0,0,0,0,0,0,0,0,0,0,0,0,0,743,4,3,0,262753.0,0.0,0.0,0.0,428,117
2025-01-04,0,0,0,0,0,0,0,0,0,0,0,0,0,0,0,0,0,0,0,0,0,0,826,2,5,0,288723.0,0.0,0.0,0.0,167,140
2025-01-05,0,0,0,0,0,0,0,0,0,0,0,0,0,0,0,0,0,0,0,0,0,0,796,1,5,0,275629.0,0.0,0.0,0.0,168,98
2025-01-06,0,0,0,0,0,0,0,0,0,0,0,0,0,0,0,0,0,0,0,0,0,0,794,2,5,0,269712.0,0.0,0.0,0.0,461,119
2025-01-07,0,0,0,0,0,0,0,0,0,0,0,0,0,0,0,0,0,0,0,0,0,0,754,1,8,0,241392.0,0.0,0.0,0.0,487,124
2025-01-08,0,0,0,0,0,0,0,0,0,0,0,0,0,0,0,0,0,0,0,0,0,0,594,1,5,0,195556.0,0.0,0.0,0.0,446,111
2025-01-09,0,0,0,0,0,0,0,0,0,0,0,0,0,0,0,0,0,0,0,0,0,0,550,1,5,0,161432.0,0.0,0.0,0.0,466,117
2025-01-10,0,0,0,0,0,0,0,0,0,0,0,0,0,0,0,0,0,0,0,0,0,0,520,1,6,0,170534.0,0.0,0.0,0.0,486,128
2025-01-11,0,0,0,0,0,0,0,0,0,0,0,0,0,0,0,0,0,0,0,0,0,0,513,2,5,0,154469.0,0.0,0.0,0.0,154,131
2025-01-12,0,0,0,0,0,0,0,0,0,0,0,0,0,0,0,0,0,0,0,0,0,0,529,0,2,0,177632.0,0.0,0.0,0.0,112,121
2025-01-13,0,0,0,0,0,0,0,0,0,0,0,0,0,0,0,0,0,0,0,0,0,0,532,1,6,0,177079.0,0.0,0.0,0.0,494,130
2025-01-14,0,0,0,0,0,0,0,0,0,0,0,0,0,0,0,0,0,0,0,0,0,0,570,1,3,0,183798.0,0.0,0.0,0.0,497,128
2025-01-15,0,0,0,0,0,0,0,0,0,0,0,0,0,0,0,0,0,0,0,0,0,0,518,0,3,0,170942.0,0.0,0.0,0.0,499,120
2025-01-16,0,0,0,0,0,0,0,0,0,0,0,0,0,0,0,0,0,0,0,0,0,0,610,0,1,0,219724.0,0.0,0.0,0.0,446,131
2025-01-17,0,0,0,0,0,0,0,0,0,0,0,0,0,0,0,0,0,0,0,0,0,0,488,0,1,0,255838.0,0.0,0.0,0.0,420,111
2025-01-18,0,0,0,0,0,0,0,0,0,0,0,0,0,0,0,0,0,0,0,0,0,0,459,0,2,0,193937.0,0.0,0.0,0.0,176,114
2025-01-19,0,0,0,0,0,0,0,0,0,0,0,0,0,0,0,0,0,0,0,0,0,0,500,1,1,0,184650.0,0.0,0.0,0.0,137,106
2025-01-20,0,0,0,0,0,0,0,0,0,0,0,0,0,0,0,1,0,0,0,0,0,0,566,32,180,39,242334.0,3365.0,2584.0,14563.3,523,136
2025-01-21,0,0,0,0,0,0,0,0,0,0,0,0,0,0,0,1,0,0,0,0,0,0,556,1524,2218,47,184435.0,28585.0,14546.0,16237.8,462,107
2025-01-22,0,0,0,0,0,0,0,0,0,0,0,0,0,0,0,1,0,0,0,0,0,0,523,2066,1168,43,199376.0,27772.0,15329.0,16105.1,486,119
2025-01-23,0,0,0,0,0,0,0,0,0,0,0,0,0,0,0,1,0,0,0,0,0,0,459,2206,1190,105,189140.0,25240.0,16213.0,39340.3,470,114
2025-01-24,0,0,0,0,0,0,0,0,0,0,0,0,0,0,0,1,0,0,0,0,0,0,479,2072,1097,144,222863.0,22270.0,16327.0,40593.9,449,114
2025-01-25,0,0,0,0,0,0,0,0,0,0,0,0,0,0,0,1,0,0,0,0,0,0,435,2477,1024,151,181207.0,30221.0,15607.0,40504.2,153,107
2025-01-26,0,0,0,0,0,0,0,0,0,0,0,0,0,0,0,1,0,0,0,0,0,0,479,2715,1019,174,162206.0,29331.0,15125.0,40593.9,121,111
2025-01-27,0,0,0,0,0,0,0,0,0,0,0,0,0,0,0,1,0,0,0,0,0,0,492,2325,1067,177,171792.0,28054.0,15536.0,40610.2,87,106
2025-01-28,0,0,0,0,0,0,0,0,0,0,0,0,0,0,0,1,0,0,0,0,0,0,457,1962,996,170,140072.0,25492.0,15324.0,40659.2,109,96
2025-01-29,0,0,0,0,0,0,0,0,0,0,0,0,0,0,0,1,0,0,0,0,0,0,437,2019,1031,182,142986.0,26423.0,15880.0,36417.9,137,88
2025-01-30,0,0,0,0,0,0,0,0,0,0,0,0,0,0,0,1,0,0,0,0,0,0,444,1967,757,6,154413.0,26194.0,15309.0,562.78,130,94
2025-01-31,0,0,0,0,0,0,0,0,0,0,0,0,0,0,0,1,0,0,0,0,0,0,429,1670,773,44,139677.0,24971.0,14436.0,38218.1,381,105
2025-02-01,0,0,0,0,0,0,0,0,0,0,0,0,0,0,0,1,0,0,0,0,0,0,531,1629,1162,82,192413.0,27258.0,14761.0,39605.8,143,90
2025-02-02,0,0,0,0,0,0,0,0,0,0,0,0,0,0,0,1,0,0,0,0,0,0,608,1549,1125,85,198509.0,24824.0,13023.0,39985.0,128,124
2025-02-03,0,0,0,0,0,0,0,0,0,0,0,0,0,0,0,0,0,0,0,0,0,0,592,23,45,1,208836.0,0.0,0.0,0.0,441,126
2025-02-04,0,0,0,0,0,0,0,0,0,0,0,0,0,0,0,0,0,0,0,0,0,0,330,3,5,5,189453.0,0.0,0.0,0.0,549,94
2025-02-05,0,0,0,0,0,0,0,0,0,0,0,0,0,0,0,0,0,0,0,0,0,0,105,0,4,3,196497.0,0.0,0.0,0.0,523,115
2025-02-06,0,0,0,0,0,0,0,0,0,0,0,0,0,0,0,0,0,0,0,0,0,0,97,0,2,1,203525.0,0.0,0.0,0.0,522,118
2025-02-07,0,0,0,0,0,0,0,0,0,0,0,0,0,0,0,0,0,0,0,0,0,0,114,2,3,0,179604.0,0.0,0.0,0.0,506,87
2025-02-08,0,0,0,0,0,0,0,0,0,0,0,0,0,0,0,0,0,0,0,0,0,0,87,0,2,1,143887.0,0.0,0.0,0.0,185,109
2025-02-09,0,0,0,0,0,0,0,0,0,0,0,0,0,0,0,0,0,0,0,0,0,0,69,0,5,1,170207.0,0.0,0.0,0.0,150,112
2025-02-10,0,0,0,0,0,0,0,0,0,0,0,0,0,0,0,0,0,0,0,0,0,0,107,1,3,2,206677.0,0.0,0.0,0.0,443,136
2025-02-11,0,0,0,0,0,0,0,0,0,0,0,0,0,0,0,0,0,0,0,0,0,0,71,1,1,0,215523.0,0.0,0.0,0.0,549,112
2025-02-12,0,0,0,0,0,0,0,0,0,0,0,0,0,0,0,0,0,0,0,0,0,0,80,0,2,1,186093.0,0.0,0.0,0.0,434,102
2025-02-13,0,0,0,0,0,0,0,0,0,0,0,0,0,0,0,0,0,0,0,0,0,0,92,0,2,0,171638.0,0.0,0.0,0.0,472,88
2025-02-14,0,0,0,0,0,0,0,0,0,0,0,0,0,0,0,0,0,0,0,0,0,0,100,0,2,1,173607.0,0.0,0.0,0.0,557,84
2025-02-15,0,0,0,0,0,0,0,0,0,0,0,0,0,0,0,0,0,0,0,0,0,0,79,0,3,0,137177.0,0.0,0.0,0.0,172,110
2025-02-16,0,0,0,0,0,0,0,0,0,0,0,0,0,0,0,0,0,0,0,0,0,0,60,0,2,1,143574.0,0.0,0.0,0.0,170,101
2025-02-17,0,0,0,0,0,0,0,0,0,0,0,0,0,0,0,0,0,0,0,0,0,0,82,7,2,0,141384.0,0.0,0.0,0.0,443,120
2025-02-18,0,0,0,0,0,0,0,0,0,0,0,0,0,0,0,0,0,0,0,0,0,0,73,8,2,5,138991.0,0.0,0.0,0.0,536,107
2025-02-19,0,0,0,0,0,0,0,0,0,0,0,0,0,0,0,0,0,0,0,0,0,0,81,6,3,3,114004.0,0.0,0.0,0.0,489,108
2025-02-20,0,0,0,0,0,0,0,0,0,0,0,0,0,0,0,0,0,0,0,0,0,0,82,14,2,1,138763.0,0.0,0.0,0.0,482,119
2025-02-21,0,0,0,0,0,0,0,0,0,0,0,0,0,0,0,0,0,0,0,0,0,0,87,7,2,3,143791.0,0.0,0.0,0.0,533,132
2025-02-22,0,0,0,0,0,0,0,0,0,0,0,0,0,0,0,0,0,0,0,0,0,0,52,25,3,1,175077.0,0.0,0.0,0.0,149,115
2025-02-23,0,0,0,0,0,0,0,0,0,0,0,0,0,0,0,0,0,0,0,0,0,0,66,12,2,0,136479.0,0.0,0.0,0.0,151,92
2025-02-24,0,0,0,0,0,0,0,0,0,0,0,0,0,0,0,0,0,0,0,0,0,0,98,14,2,4,133280.0,0.0,0.0,0.0,493,115
2025-02-25,0,0,0,0,0,0,0,0,0,0,0,0,0,0,0,0,0,0,0,0,0,0,71,3,4,1,124308.0,0.0,0.0,0.0,472,113
2025-02-26,0,0,0,0,0,0,0,0,0,0,0,0,0,0,0,0,0,0,0,0,0,0,49,6,1,2,124164.0,0.0,0.0,0.0,459,114
2025-02-27,0,0,0,0,0,0,0,0,0,0,0,0,0,0,0,0,0,0,0,0,0,0,50,7,2,3,129275.0,0.0,0.0,0.0,485,103
2025-02-28,0,0,0,0,0,0,0,0,0,0,0,0,0,0,0,0,0,0,0,0,0,0,74,7,1,0,94076.7,0.0,0.0,0.0,475,116
2025-03-01,0,0,0,0,0,0,0,0,0,0,0,0,0,0,0,0,0,0,0,0,0,0,37,8,1,3,83749.3,0.0,0.0,0.0,189,94
2025-03-02,0,0,0,0,0,0,0,0,0,0,0,0,0,0,0,0,0,0,0,0,0,0,83,24,1,3,131114.0,0.0,0.0,0.0,162,100
2025-03-03,0,0,0,0,0,0,0,0,0,0,0,0,0,0,0,0,0,0,0,0,0,0,64,7,1,0,109751.0,0.0,0.0,0.0,149,95
2025-03-04,0,0,0,0,0,0,0,0,0,0,0,0,0,0,0,0,0,0,0,0,0,0,64,25,1,0,118179.0,0.0,0.0,0.0,495,108
2025-03-05,0,0,0,0,0,0,0,0,0,0,0,0,0,0,0,0,0,0,0,0,0,0,69,13,1,1,106944.0,0.0,0.0,0.0,463,110
2025-03-06,0,0,0,0,0,0,0,0,0,0,0,0,0,0,0,0,0,0,0,0,0,0,81,19,2,2,95993.6,2180.0,0.0,0.0,560,107
2025-03-07,0,0,0,0,0,0,0,0,0,0,0,0,0,0,0,0,0,0,0,0,0,0,87,39,4,0,92790.2,10854.0,0.0,0.0,549,97
2025-03-08,0,0,0,0,0,0,0,0,0,0,0,0,0,0,0,0,0,0,0,0,0,0,66,35,2,2,140061.0,0.0,0.0,0.0,162,121
2025-03-09,0,0,0,0,0,0,0,0,0,0,0,0,0,0,0,0,0,0,0,0,0,0,63,24,2,1,157933.0,0.0,0.0,0.0,159,81
2025-03-10,0,0,0,0,0,0,0,0,0,0,0,0,0,0,0,0,1,0,0,0,0,0,97,74,159,25,147202.0,27266.0,2734.0,37268.7,661,142
2025-03-11,0,0,0,0,0,0,0,0,0,0,0,0,0,0,0,0,1,0,0,0,0,0,111,199,1516,60,136010.0,58639.0,24325.0,41117.3,663,98
2025-03-12,0,0,0,0,0,0,0,0,0,0,0,0,0,0,0,0,1,0,0,0,0,0,129,244,1470,45,146273.0,64189.0,24397.0,41089.5,672,137
2025-03-13,0,0,0,0,0,0,0,0,0,0,0,0,0,0,0,0,1,0,0,0,0,0,82,263,1415,37,122679.0,60084.0,24298.0,41088.9,579,115
2025-03-14,0,0,0,0,0,0,0,0,0,0,0,0,0,0,0,0,1,0,0,0,0,0,99,245,1538,37,157751.0,62063.0,24486.0,40498.3,546,131
2025-03-15,0,0,0,0,0,0,0,0,0,0,0,0,0,0,0,0,1,0,0,0,0,0,63,253,1550,41,116555.0,53948.0,24562.0,41375.5,222,123
2025-03-16,0,0,0,0,0,0,0,0,0,0,0,0,0,0,0,0,1,0,0,0,0,0,90,315,1635,35,120647.0,62357.0,23956.0,40821.1,255,116
2025-03-17,0,0,0,0,0,0,0,0,0,0,0,0,0,0,0,0,1,0,0,0,0,0,97,250,1672,47,126042.0,38835.0,24093.0,15197.2,576,153
2025-03-18,0,0,0,0,0,0,0,0,0,0,0,0,0,0,0,0,1,0,0,0,0,0,94,195,1668,7,125673.0,34016.0,24219.0,0.0,503,141
2025-03-19,0,0,0,0,0,0,0,0,0,0,0,0,0,0,0,0,1,0,0,0,0,0,123,161,1515,2,180706.0,29826.0,23989.0,0.0,508,113
2025-03-20,0,0,0,0,0,0,0,0,0,0,0,0,0,0,0,0,1,0,0,0,0,0,105,169,1251,2,139203.0,28975.0,24554.0,0.0,529,123
2025-03-21,0,0,0,0,0,0,0,0,0,0,0,0,0,0,0,0,1,0,0,0,0,0,96,180,1292,3,149036.0,29624.0,23302.0,0.0,500,123
2025-03-22,0,0,0,0,0,0,0,0,0,0,0,0,0,0,0,0,1,0,0,0,0,0,71,161,1388,1,135405.0,27053.0,24137.0,0.0,194,101
2025-03-23,0,0,0,0,0,0,0,0,0,0,0,0,0,0,0,0,1,0,0,0,0,0,69,216,1397,0,146071.0,35185.0,23502.0,0.0,205,149
2025-03-24,0,0,0,0,0,0,0,0,0,0,0,0,0,0,0,0,1,0,0,0,0,0,135,216,1322,196,140946.0,31934.0,23955.0,0.0,519,129
2025-03-25,0,0,0,0,0,0,0,0,0,0,0,0,0,0,0,0,1,0,0,0,0,0,140,154,1454,67,131591.0,26744.0,22784.0,0.0,534,130
2025-03-26,0,0,0,0,0,0,0,0,0,0,0,0,0,0,0,0,1,0,0,0,0,0,134,201,1483,20,153287.0,31868.0,24106.0,0.0,405,134
2025-03-27,0,0,0,0,0,0,0,0,0,0,0,0,0,0,0,0,1,0,0,0,0,0,121,198,1477,17,125258.0,28241.0,23162.0,0.0,629,136
2025-03-28,0,0,0,0,0,0,0,0,0,0,0,0,0,0,0,0,1,0,0,0,0,0,109,167,1419,4,126327.0,27748.0,23048.0,0.0,548,126
2025-03-29,0,0,0,0,0,0,0,0,0,0,0,0,0,0,0,0,1,0,0,0,0,0,97,193,1656,1,100242.0,28280.0,22715.0,0.0,215,111
2025-03-30,0,0,0,0,0,0,0,0,0,0,0,0,0,0,0,0,1,0,0,0,0,0,59,234,1660,1,101461.0,5449.0,22210.0,0.0,243,122
2025-03-31,0,0,0,0,0,0,0,0,0,0,0,0,0,0,0,0,1,0,0,0,0,0,59,174,1616,6,150961.0,28430.0,21117.0,0.0,584,115
2025-04-01,0,0,0,0,0,0,0,0,0,0,0,0,0,0,0,0,0,0,0,0,0,0,99,17,18,2,131048.0,0.0,0.0,0.0,474,108
2025-04-02,0,0,0,0,0,0,0,0,0,0,0,0,0,0,0,0,0,0,0,0,0,0,81,6,4,1,132268.0,0.0,0.0,0.0,474,104
2025-04-03,0,0,0,0,0,0,0,0,0,0,0,0,0,0,0,0,0,0,0,0,0,0,82,6,5,1,133230.0,0.0,0.0,0.0,449,100
2025-04-04,0,0,0,0,0,0,0,0,0,0,0,0,0,0,0,0,0,0,0,0,0,0,98,3,7,2,136814.0,0.0,0.0,0.0,409,102
2025-04-05,0,0,0,0,0,0,0,0,0,0,0,0,0,0,0,0,0,0,0,0,0,0,93,7,1,2,127134.0,0.0,0.0,0.0,152,88
2025-04-06,0,0,0,0,0,0,0,0,0,0,0,0,0,0,0,0,0,0,0,0,0,0,97,4,6,1,117169.0,0.0,0.0,0.0,171,102
2025-04-07,0,0,0,0,0,0,0,0,0,0,0,0,0,0,0,0,0,0,0,0,0,0,91,7,5,1,137820.0,0.0,0.0,0.0,430,97
2025-04-08,0,0,0,0,0,0,0,0,0,0,0,0,0,0,0,0,0,0,0,0,0,0,85,5,2,1,123876.0,0.0,0.0,0.0,476,106
2025-04-09,0,0,0,0,0,0,0,0,0,0,0,0,0,0,0,0,0,0,0,0,0,0,83,5,1,1,128271.0,0.0,0.0,0.0,436,116
2025-04-10,0,0,0,0,0,0,0,0,0,0,0,0,0,0,0,0,0,1,0,0,0,0,111,9,3,0,125598.0,0.0,0.0,0.0,427,115
2025-04-11,0,0,0,0,0,0,0,0,0,0,0,0,0,0,0,0,0,1,0,0,0,0,77,14,5,4,114974.0,0.0,0.0,0.0,472,109
2025-04-12,0,0,0,0,0,0,0,0,0,0,0,0,0,0,0,0,0,1,0,0,0,0,69,14,4,0,127986.0,0.0,0.0,0.0,173,85
2025-04-13,0,0,0,0,0,0,0,0,0,0,0,0,0,0,0,0,0,1,0,0,0,0,63,10,2,1,143576.0,0.0,0.0,0.0,157,101
2025-04-14,0,0,0,0,0,0,0,0,0,0,0,0,0,0,0,0,0,1,0,0,0,0,88,9,4,3,161685.0,0.0,0.0,0.0,459,111
2025-04-15,0,0,0,0,0,0,0,0,0,0,0,0,0,0,0,0,0,1,0,0,0,0,85,7,3,2,150312.0,0.0,0.0,0.0,547,125
2025-04-16,0,0,0,0,0,0,0,0,0,0,0,0,0,0,0,0,0,1,0,0,0,0,98,2,3,2,145942.0,0.0,0.0,0.0,443,104
2025-04-17,0,0,0,0,0,0,0,0,0,0,0,0,0,0,0,0,0,1,1,0,0,0,90,13,2,2,124724.0,0.0,0.0,0.0,549,110
2025-04-18,0,0,0,0,0,0,0,0,0,0,0,0,0,0,0,0,0,1,1,0,0,0,84,177,56,2,129715.0,22774.0,5415.0,0.0,476,118
2025-04-19,0,0,0,0,0,0,0,0,0,0,0,0,0,0,0,0,0,1,1,0,0,0,54,175,1439,2,123011.0,31381.0,37806.0,0.0,171,105
2025-04-20,0,0,0,0,0,0,0,0,0,0,0,0,0,0,0,0,0,1,1,0,0,0,83,226,1731,0,143544.0,38796.0,41910.0,0.0,144,107
2025-04-21,0,0,0,0,0,0,0,0,0,0,0,0,0,0,0,0,0,1,1,0,0,0,61,296,1932,1,132288.0,36502.0,42537.0,0.0,537,123
2025-04-22,0,0,0,0,0,0,0,0,0,0,0,0,0,0,0,0,0,1,1,0,0,0,81,351,1660,1,146523.0,37033.0,43175.0,0.0,546,111
2025-04-23,0,0,0,0,0,0,0,0,0,0,0,0,0,0,0,0,0,1,1,0,0,0,73,343,264,267,115654.0,34891.0,41596.0,32584.1,389,125
2025-04-24,0,0,0,0,0,0,0,0,0,0,0,0,0,0,0,0,0,1,1,0,0,0,79,509,200,421,98149.4,76359.0,49101.0,33856.9,487,125
2025-04-25,0,0,0,0,0,0,0,0,0,0,0,0,0,0,0,0,0,1,1,0,0,0,72,422,387,634,128213.0,68952.0,71006.0,34196.1,516,154
2025-04-26,0,0,0,0,0,0,0,0,0,0,0,0,0,0,0,0,0,1,1,0,0,0,62,531,483,290,121629.0,66785.0,70538.0,33150.2,170,127
2025-04-27,0,0,0,0,0,0,0,0,0,0,0,0,0,0,0,0,0,1,1,0,0,0,58,637,629,139,138502.0,2721440.0,69382.0,34239.0,208,126
2025-04-28,0,0,0,0,0,0,0,0,0,0,0,0,0,0,0,0,0,1,1,0,0,0,96,42,605,91,150235.0,2317.0,66895.0,34081.0,481,131
2025-04-29,0,0,0,0,0,0,0,0,0,0,0,0,0,0,0,0,0,1,1,0,0,0,91,23,484,53,137065.0,0.0,67393.0,90328.9,422,126
2025-04-30,0,0,0,0,0,0,0,0,0,0,0,0,0,0,0,0,0,1,1,0,0,0,66,27,418,5,152005.0,0.0,65680.0,85162.9,331,117
2025-05-01,0,0,0,0,0,0,0,0,0,0,0,0,0,0,0,0,0,0,0,0,0,0,80,20,238,0,140978.0,0.0,25407.0,49838.3,180,117
2025-05-02,0,0,0,0,0,0,0,0,0,0,0,0,0,0,0,0,0,0,0,0,0,0,70,18,13,1,156611.0,0.0,0.0,0.0,507,115
2025-05-03,0,0,0,0,0,0,0,0,0,0,0,0,0,0,0,0,0,0,0,0,0,0,86,12,4,3,135937.0,0.0,0.0,0.0,186,112
2025-05-04,0,0,0,0,0,0,0,0,0,0,0,0,0,0,0,0,0,0,0,0,0,0,65,11,7,2,138448.0,0.0,0.0,0.0,152,119
2025-05-05,0,0,0,0,0,0,0,0,0,0,0,0,0,0,0,0,0,0,0,0,0,0,68,15,4,1,155364.0,0.0,0.0,0.0,179,116
2025-05-06,0,0,0,0,0,0,0,0,0,0,0,0,0,0,0,0,0,0,0,0,0,0,82,23,3,4,151237.0,0.0,0.0,0.0,153,110
2025-05-07,0,0,0,0,0,0,0,0,0,0,0,0,0,0,0,0,0,0,0,0,0,0,92,16,6,4,147359.0,0.0,0.0,0.0,351,122
2025-05-08,0,0,0,0,0,0,0,0,0,0,0,0,0,0,0,0,0,0,0,0,0,0,95,20,1,0,160465.0,0.0,0.0,0.0,468,96
2025-05-09,0,0,0,0,0,0,0,0,0,0,0,0,0,0,0,0,0,0,0,0,0,0,111,4,3,1,181713.0,0.0,0.0,0.0,168,130
2025-05-10,0,0,0,0,0,0,0,0,0,0,0,0,0,0,0,0,0,0,0,0,0,0,98,8,4,0,171224.0,0.0,0.0,0.0,164,101
2025-05-11,0,0,0,0,0,0,0,0,0,0,0,0,0,0,0,0,0,0,0,0,0,0,82,8,3,1,159618.0,0.0,0.0,0.0,160,123
2025-05-12,0,0,0,0,0,0,0,0,0,0,0,0,0,0,0,0,0,0,0,0,0,0,102,17,3,2,120230.0,0.0,0.0,0.0,398,114
2025-05-13,0,0,0,0,0,0,0,0,0,0,0,0,0,0,0,0,0,0,0,0,0,0,109,18,3,1,135698.0,0.0,0.0,0.0,536,126
2025-05-14,0,0,0,0,0,0,0,0,0,0,0,0,0,0,0,0,0,0,0,0,0,0,108,10,1,1,176941.0,0.0,0.0,0.0,599,115
2025-05-15,0,0,0,0,0,0,0,0,0,0,0,0,0,0,0,0,0,0,0,1,0,0,117,46,2,312,152036.0,0.0,0.0,102367.0,684,113
2025-05-16,0,0,0,0,0,0,0,0,0,0,0,0,0,0,0,0,0,0,0,1,0,0,95,93,231,560,127803.0,0.0,30556.0,134615.0,499,117
2025-05-17,0,0,0,0,0,0,0,0,0,0,0,0,0,0,0,0,0,0,0,1,0,0,83,102,1609,578,119825.0,0.0,34811.0,136753.0,218,121
2025-05-18,0,0,0,0,0,0,0,0,0,0,0,0,0,0,0,0,0,0,0,1,0,0,74,75,2725,599,138932.0,0.0,55474.0,136605.0,187,107
2025-05-19,0,0,0,0,0,0,0,0,0,0,0,0,0,0,0,0,0,0,0,1,0,0,114,92,2565,689,145777.0,0.0,54594.0,137115.0,451,130
2025-05-20,0,0,0,0,0,0,0,0,0,0,0,0,0,0,0,0,0,0,0,1,0,0,101,86,2085,514,132486.0,0.0,52660.0,139976.0,537,109
2025-05-21,0,0,0,0,0,0,0,0,0,0,0,0,0,0,0,0,0,0,0,1,0,0,90,78,515,798,138197.0,0.0,52050.0,137832.0,406,105
2025-05-22,0,0,0,0,0,0,0,0,0,0,0,0,0,0,0,0,0,0,0,1,0,0,77,117,444,762,121358.0,0.0,52249.0,137194.0,671,104
2025-05-23,0,0,0,0,0,0,0,0,0,0,0,0,0,0,0,0,0,0,0,1,0,0,85,104,424,206,120267.0,0.0,52032.0,138183.0,502,109
2025-05-24,0,0,0,0,0,0,0,0,0,0,0,0,0,0,0,0,0,0,0,1,0,0,71,79,360,957,99167.2,0.0,43865.0,130493.0,178,118
2025-05-25,0,0,0,0,0,0,0,0,0,0,0,0,0,0,0,0,0,0,0,1,0,0,104,84,462,783,160152.0,0.0,49882.0,136744.0,188,115
2025-05-26,0,0,0,0,0,0,0,0,0,0,0,0,0,0,0,0,0,0,0,1,0,0,100,90,421,837,153050.0,0.0,44621.0,137821.0,559,115
2025-05-27,0,0,0,0,0,0,0,0,0,0,0,0,0,0,0,0,0,0,0,1,0,0,95,95,193,573,121385.0,0.0,41307.0,135601.0,713,105
2025-05-28,0,0,0,0,0,0,0,0,0,0,0,0,0,0,0,0,0,0,0,1,0,0,113,87,185,638,138936.0,0.0,40484.0,137696.0,530,180
2025-05-29,0,0,0,0,0,0,0,0,0,0,0,0,0,0,0,0,0,0,0,0,0,0,109,42,11,1,122445.0,0.0,13529.0,32833.6,483,131
2025-05-30,0,0,0,0,0,0,0,0,0,0,0,0,0,0,0,0,0,0,0,0,0,0,114,14,10,3,170607.0,0.0,12124.0,33029.2,567,119
2025-05-31,0,0,0,0,0,0,0,0,0,0,0,0,0,0,0,0,0,0,0,0,0,0,91,14,3,2,116211.0,0.0,0.0,0.0,225,120
2025-06-01,0,0,0,0,0,0,0,0,0,0,0,0,0,0,0,0,0,0,0,0,1,0,71,14,2,0,150619.0,0.0,0.0,0.0,157,110
2025-06-02,0,0,0,0,0,0,0,0,0,0,0,0,0,0,0,0,0,0,0,0,1,0,109,12,2,2,145382.0,0.0,7002.0,0.0,484,134
2025-06-03,0,0,0,0,0,0,0,0,0,0,0,0,0,0,0,0,0,0,0,0,1,0,114,8,3,0,138465.0,0.0,37309.0,0.0,177,107
2025-06-04,0,0,0,0,0,0,0,0,0,0,0,0,0,0,0,0,0,0,0,0,1,0,127,8,3,1,216245.0,0.0,37427.0,0.0,464,124
2025-06-05,0,0,0,0,0,0,0,0,0,0,0,0,0,0,0,0,0,0,0,0,1,0,147,14,0,1,221881.0,0.0,37076.0,0.0,597,146
2025-06-06,0,0,0,0,0,0,0,0,0,0,0,0,0,0,0,0,0,0,0,0,1,0,194,23,7,0,217358.0,0.0,30091.0,0.0,167,115
2025-06-07,0,0,0,0,0,0,0,0,0,0,0,0,0,0,0,0,0,0,0,0,1,0,198,11,3,1,240919.0,0.0,31095.0,0.0,150,104
2025-06-08,0,0,0,0,0,0,0,0,0,0,0,0,0,0,0,0,0,0,0,0,1,0,181,13,3,2,199865.0,0.0,36031.0,0.0,171,116
2025-06-09,0,0,0,0,0,0,0,0,0,0,0,0,0,0,0,0,0,0,0,0,1,0,277,15,3,0,210872.0,0.0,33809.0,0.0,402,134
2025-06-10,0,0,0,0,0,0,0,0,0,0,0,0,0,0,0,0,0,0,0,0,1,0,335,22,3,0,242291.0,0.0,32380.0,0.0,377,130
2025-06-11,0,0,0,0,0,0,0,0,0,0,0,0,0,0,0,0,0,0,0,0,1,0,194,8,4,0,180048.0,0.0,17780.0,0.0,553,114
2025-06-12,0,0,0,0,0,0,0,0,0,0,0,0,0,0,0,0,0,0,0,0,1,0,186,14,0,0,219816.0,0.0,0.0,0.0,597,108
2025-06-13,0,0,0,0,0,0,0,0,0,0,0,0,0,0,0,0,0,0,0,0,1,0,183,8,0,0,213887.0,0.0,0.0,0.0,362,129
2025-06-14,0,0,0,0,0,0,0,0,0,0,0,0,0,0,0,0,0,0,0,0,1,0,166,13,0,1,194786.0,0.0,0.0,0.0,192,102
2025-06-15,0,0,0,0,0,0,0,0,0,0,0,0,0,0,0,0,0,0,0,0,1,0,170,19,0,1,201348.0,0.0,0.0,0.0,205,107
2025-06-16,0,0,0,0,0,0,0,0,0,0,0,0,0,0,0,0,0,0,0,0,1,0,186,13,1,25,227581.0,0.0,0.0,14944.5,528,109
2025-06-17,0,0,0,0,0,0,0,0,0,0,0,0,0,0,0,0,0,0,0,0,1,1,236,19,35,49,225042.0,0.0,3070.0,71870.7,702,160
2025-06-18,0,0,0,0,0,0,0,0,0,0,0,0,0,0,0,0,0,0,0,0,1,1,208,83,259,65,216220.0,0.0,22717.0,56863.4,625,171
2025-06-19,0,0,0,0,0,0,0,0,0,0,0,0,0,0,0,0,0,0,0,0,1,1,191,94,310,94,222751.0,0.0,26946.0,57448.0,630,156
2025-06-20,0,0,0,0,0,0,0,0,0,0,0,0,0,0,0,0,0,0,0,0,1,1,164,97,269,113,249322.0,0.0,36020.0,57914.5,602,160
2025-06-21,0,0,0,0,0,0,0,0,0,0,0,0,0,0,0,0,0,0,0,0,1,1,172,123,287,112,207044.0,0.0,36130.0,57600.1,248,119
2025-06-22,0,0,0,0,0,0,0,0,0,0,0,0,0,0,0,0,0,0,0,0,1,1,169,178,279,128,180816.0,0.0,33936.0,57054.1,250,143
2025-06-23,0,0,0,0,0,0,0,0,0,0,0,0,0,0,0,0,0,0,0,0,1,1,177,159,262,103,223333.0,0.0,32635.0,56448.1,460,144
2025-06-24,0,0,0,0,0,0,0,0,0,0,0,0,0,0,0,0,0,0,0,0,1,1,170,130,295,95,223486.0,0.0,23274.0,50534.2,504,133
2025-06-25,0,0,0,0,0,0,0,0,0,0,0,0,0,0,0,0,0,0,0,0,1,1,172,78,254,17,156100.0,0.0,22815.0,27048.9,513,151
2025-06-26,0,0,0,0,0,0,0,0,0,0,0,0,0,0,0,0,0,0,0,0,1,1,186,72,253,1,187382.0,0.0,23012.0,16490.3,513,151
2025-06-27,0,0,0,0,0,0,0,0,0,0,0,0,0,0,0,0,0,0,0,0,1,1,197,109,291,16,219576.0,0.0,25358.0,24502.3,517,146
2025-06-28,0,0,0,0,0,0,0,0,0,0,0,0,0,0,0,0,0,0,0,0,1,1,123,50,431,0,170618.0,0.0,38449.0,3561.42,293,143
2025-06-29,0,0,0,0,0,0,0,0,0,0,0,0,0,0,0,0,0,0,0,0,1,1,142,59,447,1,212085.0,0.0,38231.0,41.12,300,175
2025-06-30,0,0,0,0,0,0,0,0,0,0,0,0,0,0,0,0,0,0,0,0,1,1,152,71,632,1,153182.0,0.0,36084.0,0.0,592,157
2025-07-01,0,0,0,0,0,0,0,0,0,0,0,0,0,0,0,0,0,0,0,0,1,0,196,62,6,1,191445.0,0.0,0.0,0.0,440,149
2025-07-02,0,0,0,0,0,0,0,0,0,0,0,0,0,0,0,0,0,0,0,0,1,0,173,10,5,0,259458.0,0.0,0.0,0.0,512,161
2025-07-03,0,0,0,0,0,0,0,0,0,0,0,0,0,0,0,0,0,0,0,0,1,0,320,23,0,0,242297.0,0.0,0.0,0.0,559,119
2025-07-04,0,0,0,0,0,0,0,0,0,0,0,0,0,0,0,0,0,0,0,0,1,0,171,364,2,1,197800.0,0.0,0.0,0.0,471,329
2025-07-05,0,0,0,0,0,0,0,0,0,0,0,0,0,0,0,0,0,0,0,0,1,0,164,132,0,0,207555.0,0.0,0.0,0.0,183,129
2025-07-06,0,0,0,0,0,0,0,0,0,0,0,0,0,0,0,0,0,0,0,0,1,0,162,54,0,0,182415.0,0.0,0.0,0.0,206,137
2025-07-07,0,0,0,0,0,0,0,0,0,0,0,0,0,0,0,0,0,0,0,0,1,0,192,34,0,0,205575.0,0.0,0.0,0.0,536,133
2025-07-08,0,0,0,0,0,0,0,0,0,0,0,0,0,0,0,0,0,0,0,0,1,0,236,29,0,0,218388.0,0.0,0.0,0.0,429,168
2025-07-09,0,0,0,0,0,0,0,0,0,0,0,0,0,0,0,0,0,0,0,0,1,0,241,201,0,0,232790.0,0.0,0.0,0.0,426,162
2025-07-10,0,0,0,0,0,0,0,0,0,0,0,0,0,0,0,0,0,0,0,0,1,0,248,39,0,0,199613.0,0.0,0.0,0.0,618,127
2025-07-11,0,0,0,0,0,0,0,0,0,0,0,0,0,0,0,0,0,0,0,0,1,0,230,21,0,0,232374.0,0.0,0.0,0.0,602,125
2025-07-12,0,0,0,0,0,0,0,0,0,0,0,0,0,0,0,0,0,0,0,0,1,0,175,32,0,1,253553.0,0.0,0.0,0.0,195,114
2025-07-13,0,0,0,0,0,0,0,0,0,0,0,0,0,0,0,0,0,0,0,0,1,0,169,47,0,0,285376.0,0.0,0.0,0.0,224,109
2025-07-14,0,0,0,0,0,0,0,0,0,0,0,0,0,0,0,0,0,0,0,0,1,0,262,48,0,64,288442.0,0.0,0.0,24734.4,463,130
2025-07-15,0,0,0,0,0,0,0,0,0,0,0,0,0,0,0,0,0,0,0,0,1,0,220,204,0,65,284016.0,0.0,0.0,24417.3,528,238
2025-07-16,0,0,0,0,0,0,0,0,0,0,0,0,0,0,0,0,0,0,0,0,1,0,220,117,0,83,267904.0,0.0,0.0,24302.8,517,119
2025-07-17,0,0,0,0,0,0,0,0,0,0,0,0,0,0,0,0,0,0,0,0,1,0,167,93,0,84,236996.0,0.0,0.0,24376.1,549,82
2025-07-18,0,0,0,0,0,0,0,0,0,0,0,0,0,0,0,0,0,0,0,0,1,0,159,108,46,97,260914.0,0.0,2288.0,24587.8,512,79
2025-07-19,0,0,0,0,0,0,0,0,0,0,0,0,0,0,0,0,0,0,0,0,1,0,164,168,1142,111,266933.0,0.0,102834.0,24587.8,240,71
2025-07-20,0,0,0,0,0,0,0,0,0,0,0,0,0,0,0,0,0,0,0,0,1,0,144,189,1306,86,231635.0,0.0,100288.0,24414.2,232,93
2025-07-21,0,0,0,0,0,0,0,0,0,0,0,0,0,0,0,0,0,0,0,0,1,0,194,237,1359,96,219883.0,0.0,101065.0,24431.3,512,80
2025-07-22,0,0,0,0,0,0,0,0,0,0,0,0,0,0,0,0,0,0,0,0,1,0,180,214,1244,277,214425.0,0.0,101593.0,74566.0,505,91
2025-07-23,0,0,0,0,0,0,0,0,0,0,0,0,0,0,0,0,0,0,0,0,1,0,208,274,1249,155,220347.0,0.0,101298.0,49576.0,430,96
2025-07-24,0,0,0,0,0,0,0,0,0,0,0,0,0,0,0,0,0,0,0,0,1,0,198,287,1221,175,219604.0,0.0,103528.0,49805.0,562,90
2025-07-25,0,0,0,0,0,0,0,0,0,0,0,0,0,0,0,0,0,0,0,0,1,0,200,355,1488,430,227076.0,0.0,115741.0,200000.0,639,109
2025-07-26,0,0,0,0,0,0,0,0,0,0,0,0,0,0,0,0,0,0,0,0,1,0,155,1160,2270,232,178035.0,0.0,220700.0,198618.0,215,70
2025-07-27,0,0,0,0,0,0,0,0,0,0,0,0,0,0,0,0,0,0,0,0,1,0,246,1224,2348,244,236976.0,0.0,211469.0,200000.0,279,74
2025-07-28,0,0,0,0,0,0,0,0,0,0,0,0,0,0,0,0,0,0,0,0,1,0,186,1113,2443,254,239585.0,0.0,210545.0,198508.0,624,110
2025-07-29,0,0,0,0,0,0,0,0,0,0,0,0,0,0,0,0,0,0,0,0,1,0,151,976,2155,242,198147.0,0.0,206785.0,198940.0,688,103
2025-07-30,0,0,0,0,0,0,0,0,0,0,0,0,0,0,0,0,0,0,0,0,1,0,248,871,2174,332,207133.0,0.0,206615.0,198797.0,595,79
2025-07-31,0,0,0,0,0,0,0,0,0,0,0,0,0,0,0,0,0,0,0,0,1,0,62,79,1211,115,195605.0,0.0,215081.0,55405.0,684,87
